time,gender,age,general,ideas1,grade1,ideas2,grade2,ideas3,grade3,ideas4,grade4,ideas5,grade5,ideas6,grade6,ideas7,grade7,ideas8,grade8,ideas9,grade9,love
23.10.2024 20:06:33,–ú—É–∂—Å–∫–æ–π,18,–ö—Ä–æ–≤—å~ –∫—Ä–∞—Å–∏–≤—ã–π —Ü–≤–µ—Ç~ –∞–≥—Ä–µ—Å—Å–∏—è~ —Å—Ç–∏–ª—å~ –º–æ–¥–æ~ —Å—Ç—Ä–∏—Ç—Ñ–æ—Ç–æ–≥—Ä–∞—Ñ–∏—è~ –∑–∞–∫–∞—Ç,–•–æ—á–µ—Ç—Å—è –≤–æ–∫—Ä—É–≥ –¥–æ–±–∞–≤–∏—Ç—å —Å–µ—Ä–æ-—á–µ—Ä–Ω—É—é —Ä–∞–º–∫—É,4,–•–æ—á–µ—Ç—Å—è —Å–¥–µ–ª–∞—Ç—å —è—Ä—á–µ,0,–ü—Ä–æ—Å—Ç–æ –Ω–µ –Ω—Ä–∞–≤–∏—Ç—Å—è ,0,–•–æ—á–µ—Ç—Å—è –¥–ª—è —Ç–µ–ª–µ—Ñ–æ–Ω–∞ —á–µ—Ö–æ–ª —Å —Ç–∞–∫–∏–º —Ü–≤–µ—Ç–æ–º,3,–ê —á—Ç–æ –ø–æ–º–µ–Ω—è–ª–æ—Å—å ,3,–ï–¥–∞,1,–í—Ä–æ–¥–µ —Ç–æ –∂–µ~ —á—Ç–æ –∏ –ø–æ–∑–∞–ø—Ä–æ—à–ª—ã–π,4,–¶–≤–µ—Ç —Ä—É–±—Ü–æ–≤,0,–ß—Ç–æ –ø–æ–º–µ–Ω—è–ª–æ—Å—å?/,0,–î—É–º–∞—é—Ç —É–º–Ω—ã–µ –ª—é–¥–∏~ –∞ —á–µ–º —è –∑–∞–Ω–∏–º–∞—é—Å—å?
23.10.2024 20:07:39,–ñ–µ–Ω—Å–∫–∏–π,18,–±–æ–ª—å~ –ª—é–±–æ–≤—å~ —Å–µ–∫—Å–∏ –ø–æ–º–∞–¥–∞,—Ç–µ–ø–ª–æ~ –ª—é–±–æ–≤—å~ –æ–≥–æ–Ω—å~ –æ—â—É—â–µ–Ω–∏–µ –ø—Ä–∏—á–∞—Å—Ç–Ω–æ—Å—Ç–∏ (???) ,3,–±–æ–ª—å~ –≥–ª—É–±–∏–Ω–∞~ –∫—Ä–æ–≤—å,4,–±–∞–±–æ—á–∫–∏~ –≤—ã–ø—É—Å–∫–Ω–æ–π~ –ª–µ–¥–µ–Ω—Ü—ã,0,–∑–Ω–∞–∫ "—Å—Ç–æ–ø"~ –±–ª–æ–∫–∏—Ä–æ–≤–∫–∞ –≤ –≤–∫~ –æ—Ç–∫–∞–∑,5,—Ç—Ä–∞–≤–∞ (????)~ —Å—á–∞—Å—Ç—å–µ~ –∂–∞—Ä–∞,4,–ø–æ–º–∞–¥–∞~ –∫–∞—Ä–∞–Ω–¥–∞—à~ —ç—Ä—Ä–æ—Ä,1,–∫–∞–ª–µ–Ω–¥–∞—Ä—å ,3,–æ–±–æ–∏~ –Ω–µ—Å—á–∞—Å—Ç–Ω–∞—è –ª—é–±–æ–≤—å~ —Å—Ç–µ–Ω–∞~ –∫–∏—Ä–ø–∏—á,2,–±–æ—Ä–¥–æ~ –∞–ª—å–±–æ–º –¥–µ–¥ –±–ª–æ–Ω–¥~ –≥–æ—Ä–µ—á—å,3,
23.10.2024 20:09:21,–ñ–µ–Ω—Å–∫–∏–π,18,–í—Å—è–∫–∞—è —Ç–∞–º –æ–ø–∞—Å–Ω–æ—Å—Ç—å –∏ —Å—Ç—Ä–∞—Å—Ç—å ,–≠—Ç–æ—Ç –ø–æ—Ö–æ–∂ –Ω–∞ –∞–ª–µ–Ω—å–∫–∏–π —Ü–≤–µ—Ç–æ—á–µ–∫~ —Ç–∞–∫–æ–π —Å–∫–∞–∑–æ—á–Ω—ã–π,4,–¢–µ–º–Ω–∞—è –∫—Ä–∞—Å–Ω–∞—è –ø–æ–º–∞–¥–∞,4,–≠—Ç–æ—Ç –±–ª–∏–∂–µ –∫ —Ä–æ–∑–æ–≤–æ–º—É~ –∫–∞–∫ –±—É–¥—Ç–æ —Å—É–º–∫–∞ typical –±–ª–æ–Ω–¥—ã,2,–≠—Ç–æ –º–æ–π –ø—Ä–æ—Ç–æ—Ç–∏–ø –∫—Ä–∞—Å–Ω–æ–≥–æ,5,–ö–∏—Å–ª–æ—Ç–Ω—ã–π —è—Ä–∫–∏–π,4,–ü–æ—Ö–æ–∂ –Ω–∞ –ø–∞—Å—Ç–∏–ª—É,4,–ü—Ä–æ—Å—Ç–∏—Ç–µ –∫ —Å–µ–¥—å–º–æ–º—É —Ü–≤–µ—Ç—É —è –ø–µ—Ä–µ—Å—Ç–∞–ª–∞ –∏—Ö —Ä–∞–∑–ª–∏—á–∞—Ç—å :(,5,–°—Ç–∏–ª–µ–≤—ã–π –∏ –∞—Ç–º–æ—Å—Ñ–µ—Ä–Ω—ã–π~ —Ç–æ–∂–µ –∫–∞–∫ –ø–æ–º–∞–¥–∞,4,–ß—É—Ç—å –º–µ–Ω–µ–µ –ø—Ä–∏—è—Ç–Ω—ã–π~ —Å—Ç–µ—Ä–≤–æ–∑–Ω—ã–π –∫—Ä–∞—Å–Ω—ã–π,4,–ñ–µ—Å—Ç—å —è –ø–æ—Ç–µ—Ä—è–ª–∞ —Å–º—ã—Å–ª –∫—Ä–∞—Å–Ω–æ–≥–æ –Ω–æ –±—ã–ª–æ –æ—á–µ–Ω–± –∏–Ω—Ç–µ—Ä–µ—Å–Ω–æ —Å–ø–∞—Å–∏–±–æ –∑–∞ –∫—Ä—É—Ç—É—é –∏–¥–µ—é
23.10.2024 20:09:30,–ú—É–∂—Å–∫–æ–π,18,–°–°–°–†~ –∫—Ä–æ–≤—å~ –°—Ç—ë–ø–∞,–Ø—Ä–∫–æ-–∫—Ä–∞—Å–Ω—ã–π,2,–°–°–°–†~ —Ç—ë–º–Ω–æ-–∫—Ä–∞—Å–Ω—ã–π,4,–†–æ–∑–æ–≤–∞—Ç–æ-–∫—Ä–∞—Å–Ω—ã–π,1,–ö—Ä–∞—Å–Ω—ã–π,5,–¢–æ—Ç –∂–µ —Å–∞–º—ã–π —Ü–≤–µ—Ç~ —á—Ç–æ –∏ –≤ –ø—Ä–µ–¥—ã–¥—É—â–µ–º –ø—É–Ω–∫—Ç–µ,5,–ú–∞–ª–∏–Ω–æ–≤–æ-–∫—Ä–∞—Å–Ω—ã–π,1,–°–Ω–æ–≤–∞ —Ç–æ—Ç –∂–µ —Å–∞–º—ã–π —Ü–≤–µ—Ç,5,–ö–æ—Ä–∏—á–Ω–µ–≤–æ-–∫—Ä–∞—Å–Ω—ã–π,3,–§–∏–æ–ª–µ—Ç–æ–≤–æ-—Ç—ë–º–Ω–æ-–∫—Ä–∞—Å–Ω—ã–π,2,—Å–æ—Ä—Ä–∏ –∑–∞ —Å—Ç—Ä–∞–Ω–Ω—ã–µ –æ—Ç–≤–µ—Ç—ã~ –±–æ–ª—å—à–µ –Ω–∏—á–µ–≥–æ –≤ –≥–æ–ª–æ–≤—É –Ω–µ –ø—Ä–∏—à–ª–æ
23.10.2024 20:11:43,–ñ–µ–Ω—Å–∫–∏–π,17,–∫—Ä–∞—Å–Ω—ã–π ‚Äî –æ—á–µ–≤–∏–¥–Ω–æ~ —ç—Ç–æ —Ü–≤–µ—Ç. —ç—Ç–æ –∂–µ —Å–ª–æ–≤–æ –∞—Å—Å–æ—Ü–∏–∏—Ä–æ–≤–∞–ª–∏ —Å ¬´–∫—Ä–∞—Å–∏–≤—ã–º¬ª. –∞—Å—Å–æ—Ü–∏–∞—Ü–∏–∏ —Å —Ü–≤–µ—Ç–∞–º–∏~ –ª—é–±–æ–≤—å—é –∏ —Å—Ç—Ä–∞—Å—Ç—å—é,–∫—Ä–æ–≤—å~ –æ–¥–µ—è–ª–æ –∏–ª–∏ –ø–ª–µ–¥~ –≤—ã–≥–ª—è–¥–∏—Ç –º–∞—Ç–æ–≤—ã–º –∏ –º—è–≥–∫–∏–º,3,—Ä–æ–∑—ã~ –ø–æ—Ü–µ–ª—É–∏~ –ª—é–±–æ–≤—å,4,–ª–µ—Ç–Ω–µ–µ –∂–µ–Ω—Å–∫–æ–µ –ø–ª–∞—Ç—å–µ~ —Ç—é–ª—å–ø–∞–Ω—ã,1,–æ –¥–∞~ —Å–µ—Ä–¥–µ—á–∫–∏ –≤ —Ç–µ–ª–µ–≥—Ä–∞–º–µ~ –ø–æ–ª–æ—Ç–Ω–æ,5,–±–æ–ª—å—à–µ –æ—Ä–∞–Ω–∂–µ–≤—ã–π~ —á–µ–º –∫—Ä–∞—Å–Ω—ã–π. –∫–∞—Ä–∞–Ω–¥–∞—à,5,–∂–µ–Ω—Å–∫–æ–µ –ª–µ—Ç–Ω–µ–µ –ø–ª–∞—Ç—å–µ ,3,–æ–±—ã—á–Ω—ã–π –∫—Ä–∞—Å–Ω—ã–π~ –∞—Å—Å–æ—Ü–∏–∞—Ü–∏–π –Ω–µ—Ç,5,–∫–∞—Ä–∞–Ω–¥–∞—à –¥–ª—è –≥—É–±~ –æ—Å–µ–Ω—å,3,—Å–µ–∫—Å –∏ –¥–µ–Ω—å–≥–∏~ —á—Ç–æ-—Ç–æ –¥–æ—Ä–æ–≥–æ–µ~ –ø–æ—Ü–µ–ª—É–∏ –Ω–∞ –±—É–º–∞–≥–µ,4,—Ç–∞ –ø—Ä–∏–∫–æ–ª –ª—é—Ç—ã–π~ –æ—á –∏–Ω—Ç–µ—Ä–µ—Å–Ω–æ~ –ø–æ–ª–æ–≤–∏–Ω—É —Ü–≤–µ—Ç–æ–≤ –Ω–µ —Ä–∞–∑–ª–∏—á–∏–ª–∞
23.10.2024 20:14:09,–ú—É–∂—Å–∫–æ–π,18,–ö—Ä–∞—Å–Ω—ã–π —Ü–≤–µ—Ç –∞—Å—Å–æ—Ü–∏–∏—Ä—É–µ—Ç—Å—è —É –º–µ–Ω—è —Å —è–≥–æ–¥–∞–º–∏~ –∫—Ä–æ–≤—å—é –∏ –∫–æ–º–º—É–Ω–∏–∑–º–æ–º,–∫–ª—É–±–Ω–∏–∫–∞,3,–≤–∏—à–Ω—è~ –∫—Ä–æ–≤—å,2,—Ä–æ–∑—ã,0,—Å–∞–º—ã–π —á–∏—Å—Ç—ã–π –∫—Ä–∞—Å–Ω—ã–π,5,–∞–ª—å—Ñ–∞ –±–∞–Ω–∫,4,–ø–æ–º–∞–¥–∞,1,–æ—Ç—Ç–µ–Ω–æ–∫ –ø–æ–º–∞–¥—ã –∏–ª–∏ —Ü–≤–µ—Ç —Ä–æ–∑—ã,4,–∫—Ä–æ–≤—å,2,–æ—Ç—Ç–µ–Ω–æ–∫ –ø–æ–º–∞–¥—ã~ –∑–∞–∫–∞—Ç~ –≤–∏—à–Ω—è,2,–æ—á–µ–Ω—å –º–Ω–æ–≥–æ —Ü–≤–µ—Ç–æ–≤ –∫–æ—Ç–æ—Ä—ã–µ –ø–æ–¥–æ—à–ª–∏ –±—ã —Ä–æ–∑–∞–º
23.10.2024 20:14:11,–ñ–µ–Ω—Å–∫–∏–π,18,–ù–∞–≤–µ—Ä–Ω–æ–µ~ —Ü–≤–µ—Ç –æ–ø–∞—Å–Ω–æ—Å—Ç–∏/—Å—Ç—Ä–∞—Å—Ç–∏~ –Ω–æ —á–µ—Å—Ç–Ω–æ –≥–æ–≤–æ—Ä—è~ —É–∂–µ –Ω–∏—á–µ–≥–æ –Ω–µ –∑–Ω–∞—é~ —Å–∞–º–∞ —Ü–≤–µ—Ç–∞ –∏–∑—É—á–∞—é - —É–∂–µ –≥–æ–ª–æ–≤–∞ –ø—É—Ö–Ω–µ—Ç,–∫—Ä–∞—Å–Ω–∞—è —à–∞–ø–æ—á–∫–∞,5,–∫—Ä–æ–≤—å,4,–º–∞–ª–∏–Ω–æ–≤—ã–π,3,–∞–ª—ã–µ –ø–∞—Ä—É—Å–∞,4,—ç—Ç–æ –Ω–µ —Ç–æ—Ç –∂–µ —Å–∞–º—ã–π?,4,–æ–ø—è—Ç—å?,4,–Ω—É~ —ç—Ç–æ –ø—Ä–∞–≤–¥–∞ –Ω–µ –æ–Ω –∂–µ?,4,–ö–∞–∂–µ—Ç—Å—è~ —á—Ç–æ-—Ç–æ –ø–æ—Ö–æ–∂–µ–µ —É–∂–µ –±—ã–ª–æ,3,–æ–ø—è—Ç—å?,3,–ö–∞–∂–µ—Ç—Å—è~ –æ—Ç –º–æ–∏—Ö –æ—Ç–≤–µ—Ç–æ–≤ –Ω–µ –±—É–¥–µ—Ç —Ç–æ–ª–∫—É. –õ–∞–¥–Ω–æ~ —Ö–æ—Ç—è –±—ã —Ä–µ—Å–ø–æ–Ω–¥–µ–Ω—Ç—ã –¥–æ–±–∞–≤—è—Ç—Å—è
23.10.2024 20:14:40,–ñ–µ–Ω—Å–∫–∏–π,21,–ö—Ä–∞—Å–Ω—ã–π - –ø–µ—Ä–≤—ã–π —Ü–≤–µ—Ç~ –∫–æ—Ç–æ—Ä—ã–π –ø–æ—è–≤–ª—è–µ—Ç—Å—è –≤ —Ü–≤–µ—Ç–æ–æ–±–æ–∑–Ω–∞—á–µ–Ω–∏—è—Ö —É –∫—É–ª—å—Ç—É—Ä –ø–æ—Å–ª–µ –±–µ–ª–æ–≥–æ –∏ —á–µ—Ä–Ω–æ–≥–æ~ –∞ –µ—â–µ –µ—Å–ª–∏ –¥–∏–∑–∞–π–Ω –ø–µ—Ä—Å–æ–Ω–∞–∂–∞ —Å–æ–¥–µ—Ä–∂–∏—Ç –∫—Ä–∞—Å–Ω—ã–π~ —ç—Ç–æ —á–∞—Å—Ç–æ –æ–∑–Ω–∞—á–∞–µ—Ç~ —á—Ç–æ –ø–µ—Ä—Å–æ–Ω–∞–∂ —É–º—Ä–µ—Ç,—ç—Ç–æ –æ—Ä–∞–Ω–∂–µ–≤—ã–π. –¥–æ–≤–æ–ª—å–Ω–æ –ø—Ä–∏—è—Ç–Ω—ã–π,0,–º–Ω–µ –Ω–µ –Ω—Ä–∞–≤–∏—Ç—Å—è. –æ–Ω —Å–ª–∏—à–∫–æ–º –±–ª–µ–∫–ª—ã–π –¥–ª—è –≤–∏–Ω–∞ –∏ —Å–ª–∏—à–∫–æ–º –≥—Ä—è–∑–Ω—ã–π –¥–ª—è –∫—Ä–æ–≤–∏,2,—ç—Ç–æ –æ—á–µ–Ω—å –∏—Å–∫—É—Å—Å—Ç–≤–µ–Ω–Ω—ã–π —Ü–≤–µ—Ç. —Ç–∞–∫–æ–π –ø–æ–ª—É—á–∞–µ—Ç—Å—è~ –∫–æ–≥–¥–∞ –ø–ª–∞—Å—Ç–∏–∫ —Ö–æ—Ç—è—Ç –æ–∫—Ä–∞—Å–∏—Ç—å –≤ –∫—Ä–∞—Å–Ω—ã–π –∏ —ç–∫–æ–Ω–æ–º—è—Ç~ –∏ –≤ –∏—Ç–æ–≥–µ –ø–æ–ª—É—á–∞–µ—Ç—Å—è —Ñ–∏–≥–Ω—è,1,—ç—Ç–æ –æ—á–µ–Ω—å —Ö–æ—Ä–æ—à–∏–π –∫—Ä–∞—Å–Ω—ã–π!! —è –±—ã –ø—Ä–∏–≥–ª–∞—Å–∏–ª–∞ –µ–≥–æ –Ω–∞ –≤–µ—á–µ—Ä–∏–Ω–∫—É,5,–≤—Ä–æ–¥–µ –±—ã —Ö–æ—Ä–æ—à–∏–π~ –Ω–æ –≤—ã–∑—ã–≤–∞–µ—Ç –æ–ø–∞—Å–µ–Ω–∏—è~ —è –±—ã —Ç–∞–∫–æ–º—É –Ω–µ –¥–æ–≤–µ—Ä—è–ª–∞. –æ–Ω —Å–ª–∏—à–∫–æ–º –Ω–∞–º–µ–∫–∞–µ—Ç –Ω–∞ —Ç–æ —á—Ç–æ –æ–Ω –Ω–∞ —Å–∞–º–æ–º –¥–µ–ª–µ —Ä—ã–∂–∏–π~ –ø—Ä—è–º –≤—ã–ø—è—á–∏–≤–∞–µ—Ç,3,—ç—Ç–æ –æ—á–µ–Ω—å –Ω–µ–ø–ª–æ—Ö–æ–π –∫—Ä–∞—Å–Ω—ã–π~ –Ω–æ —Å–ª–∏—à–∫–æ–º —Ö–æ–ª–æ–¥–Ω—ã–π. –≥–¥–µ —Å—Ç—Ä–∞—Å—Ç—å?,4,—ç—Ç–æ –æ—á–µ–Ω—å —Ö–æ—Ä–æ—à–∏–π –∫—Ä–∞—Å–Ω—ã–π! –º–Ω–µ –±–æ–ª—å—à–µ –Ω–µ—á–µ–≥–æ —Å–∫–∞–∑–∞—Ç—å,5,—ç—Ç–æ –∫–æ—Ä–∏—á–Ω–µ–≤—ã–π. –æ—á–µ–Ω—å –≥—Ä—è–∑–Ω—ã–π –∏ –Ω–µ–ø—Ä–∏—è—Ç–Ω—ã–π.,0,—ç—Ç–æ –Ω–µ–ø–ª–æ—Ö–æ–π —Ü–≤–µ—Ç~ –∏–º –º–æ–∂–Ω–æ –Ω–∞—Ä–∏—Å–æ–≤–∞—Ç—å –≤—ã—Å—ã—Ö–∞—é—â—É—é –∫—Ä–æ–≤—å –∏ –ø–ª–∞—á—É—â–µ–≥–æ —Å–æ—Ä–∞—Ç–Ω–∏–∫–∞ —Ä—è–¥–æ–º,3,—ç—Ç–æ –±—ã–ª–∏ –æ—á–µ–Ω—å —Ö–æ—Ä–æ—à–∏–µ –∫—Ä–∞—Å–Ω—ã–µ –∫—Ä–æ–º–µ –æ—Ä–∞–Ω–∂–µ–≤–æ–≥–æ –∏ –∫–æ—Ä–∏—á–Ω–µ–≤–æ–≥–æ
23.10.2024 20:15:15,–ú—É–∂—Å–∫–æ–π,17,–ö—Ä–æ–≤—å~ —Ä–æ–∑–∞~ –≥—É–±—ã~ –º–∞—à–∏–Ω—ã ,–†–∞–∑–¥—Ä–∞–∂–µ–Ω–∏–µ,4,–í–∏–Ω–æ~ –∫—Ä–æ–≤—å,5,–¶–≤–µ—Ç–æ–∫~ –±–ª–µ—Å–∫ –¥–ª—è –≥—É–±,1,–û–ø–∞—Å–Ω–æ—Å—Ç—å~ –ø—Ä–µ–¥—É–ø—Ä–µ–∂–¥–µ–Ω–∏–µ ,4,–û–ø–∞—Å–Ω–æ—Å—Ç—å,4,–ü–æ–º–∞–¥–∞~ –≥–æ—Ä–æ–¥—Å–∫–∏–µ –≤—ã–≤–µ—Å–∫–∏ ,4,–ü—Ä–µ–¥—É–ø—Ä–µ–∂–¥–µ–Ω–∏–µ,4,–í–∏–Ω–æ~ –±–∞—Ä—Ö–∞—Ç~ –ø–æ–º–∞–¥–∞ ,5,–í–∏–Ω–æ,4,
23.10.2024 20:15:26,–ñ–µ–Ω—Å–∫–∏–π,21,–ö—Ä–∞—Å–Ω—ã–π - —Å–∞–º—ã–π —á–∞—Å—Ç—ã–π —Ü–≤–µ—Ç –¥–ª—è —Ñ–ª–∞–≥–æ–≤~ –∞ –µ—â–µ —Å–∏–º–≤–æ–ª –∫—Ä–∞—Å–æ—Ç—ã –≤–æ –º–Ω–æ–≥–∏—Ö —Å—Ç—Ä–∞–Ω–∞—Ö,–ú–æ—Ä–∫–æ–≤—å~ –æ—Å–µ–Ω—å~ —Å–≤–∏—Ç–µ—Ä,0,–ú–æ–¥–∞~ –ø–æ–º–∞–¥–∞~ –∂–µ–Ω—Å—Ç–≤–µ–Ω–Ω–æ—Å—Ç—å~ –º–µ–Ω—Å—Ç—Ä—É–∞–ª—å–Ω–∞—è –∫—Ä–æ–≤—å,5,–ë–∞—Ä–±–∏~ 2014 –≥–æ–¥~ –≥–µ–æ—Ä–≥–∏–Ω—ã,2,–°–°–°–†~ –∫–æ–º–º—É–Ω–∏–∑–º~ —Ä–µ–≤–æ–ª—é—Ü–∏—è~ –Ω–∏–∂–Ω–µ–µ –±–µ–ª—å–µ,4,–ö–∏—Ä–ø–∏—á~ –∫–∏—Ç–∞–π,2,–ü–∞—Ä–∏–∂~ —Å—Ç—Ä–∞—Å—Ç—å~ —Å–µ—Ä–¥–µ—á–∫–∏,4,–∫–æ–º–º—É–Ω–∏–∑–º~ –≤–æ–π–Ω–∞~ –∞–≥—Ä–µ—Å—Å–∏—è,5,–û—Å–µ–Ω—å~ –ø–æ–º–∞–¥–∞~ –±–∞–±—É—à–∫–∞~ –∫–∏—Ä–ø–∏—á,4,–°—Ç—Ä–∞—Å—Ç—å~ –ª—é–±–æ–≤—å~ –∫—Ä–æ–≤—å –∏–∑ –Ω–æ—Å–∞~ –æ—á–µ–Ω—å –∫—Ä–∞—Å–∏–≤—ã–π,5,–º—É—Ä
23.10.2024 20:16:43,–ñ–µ–Ω—Å–∫–∏–π,17,–ê–ª—å–±–æ–º —Ç–µ–π–ª–æ—Ä —Å–≤–∏—Ñ—Ç –∏ –∫—Ä–∞—Å–Ω–∞—è –ø–æ–º–∞–¥–∞üôèüèª,–¢–æ–º–∞—Ç–Ω—ã–π —Å—É–ø –∫–∞–∫ –±—É–¥—Ç–æ,2,–í–æ—Ç —ç—Ç–æ—Ç –æ—á–µ–Ω—å –∫—Ä–∞—Å–∏–≤—ã–π! –ß—Ç–æ-—Ç–æ —Ç–∞–∫–æ–µ —Ä–æ—Å–∫–æ—à–Ω–æ–µ,3,–≠—Ç–æ—Ç —Ä–æ–∑–æ–≤–∞—Ç—ã–π~ –Ω–µ–º–Ω–æ–≥–æ –Ω–µ –º–æ—ë,3,–í–æ—Ç —ç—Ç–æ –ø—Ä—è–º —Å–∞–º—ã–π –∫—Ä–∞—Å–Ω—ã–π~ —á—Ç–æ-—Ç–æ —Ç–∞–∫–æ–µ –æ–ø–∞—Å–Ω–æ–µ,5,–ü–æ—Ö–æ–∂ –Ω–∞ –ø–µ—Ä–≤—ã–π –∫–∞–∫ –±—É–¥—Ç–æ,3,–ù—É —ç—Ç–æ —Ç–æ–∂–µ –ø—Ä—è–º –∫—Ä–∞—Å–Ω—ã–π —Å–∞–º—ã–π –Ω–∞—Å—Ç–æ—è—â–∏–π~ —Ç–∞–∫–æ–µ —á—Ç–æ-—Ç–æ —Å—Ç—Ä–∞—Å—Ç–Ω–æ–µ,5,–ë–ª–∏–Ω –¥–ª—è –º–µ–Ω—è –æ–Ω–∏ —É–∂–µ –≤—Å–µ –æ—á–µ–Ω—å –ø–æ—Ö–æ–∂–∏~ –≤—Ä–æ–¥–µ —Ç–æ–∂–µ –∫—Ä–∞—Å–Ω—ã–π –æ–±—ã—á–Ω—ã–π,5,–û–π–π–π–π~ –≤–æ—Ç —ç—Ç–æ—Ç –ø—Ä—è–º –≤–∞—É~ —á—Ç–æ-—Ç–æ —Å—É–ø–µ—Ä –æ—Å–µ–Ω–Ω–µ–µ,3,–í–æ—Ç —ç—Ç–æ –∏–¥–µ–∞–ª—å–Ω—ã–π –¥–ª—è –ø–æ–º–∞–¥—ã,2,–í —Å–µ—Ä–µ–¥–∏–Ω–µ –º–Ω–µ —Å—Ç–∞–ª–æ –∫–∞–∑–∞—Ç—å—Å—è~ —á—Ç–æ –æ–Ω–∏ –ø–æ–≤—Ç–æ—Ä—è—é—Ç—Å—èüò≠
23.10.2024 20:17:47,–ñ–µ–Ω—Å–∫–∏–π,17,–ø–µ—Å–Ω—è i see red ,–∫–∞–∫–æ–π-—Ç–æ –≥–Ω–µ–≤–Ω—ã–π –º–∞–ª—ã–π,2,–±–ª–∞–≥–æ—Ä–æ–¥–Ω—ã–π~ —Ç–∞–∫–∞—è –ø—Ä—è–º –∫—Ä–æ–≤—å –≤–∞–º–ø–∏—Ä–∞,5,–±–∞—Ä–±–∏ –∑–∞—Å–º—É—â–∞–ª–∞—Å—å,0,–∫–∞–∫–æ–π-—Ç–æ –±–∞–∑–æ–≤—ã–π –æ—Ç—Ç–µ–Ω–æ–∫ –¥–ª—è –æ–±–æ–∑–Ω–∞—á–µ–Ω–∏—è –æ–ø–∞—Å–Ω–æ—Å—Ç–∏/–ø—Ä–µ–¥—É–ø—Ä–µ–∂–¥–µ–Ω–∏—è,4,—è—Ä–∫–æ~ —á—Ç–æ —Ç—É—Ç —Å–∫–∞–∑–∞—Ç—å ,4,—Å–ø–µ–ª—ã–π –∞—Ä–±—É–∑,4,–ø—Ä–æ—Å—Ç–æ –±–∞–∑–æ–≤—ã–π –∫—Ä–∞—Å–Ω—ã–π,5,–∫–ª—É–±–Ω–∏–∫–∞ –≤ —à–æ–∫–æ–ª–∞–¥–µ,3,–ø–æ–¥—É—à–µ—á–∫–∞ –¥–ª—è –æ–±—Ä—É—á–∞–ª—å–Ω–æ–≥–æ –∫–æ–ª—å—Ü–∞,3,—Ä—ç–¥ —Ñ–ª–∞–≥ –ø–æ–ª–Ω—ã–π
23.10.2024 20:21:31,–ñ–µ–Ω—Å–∫–∏–π,18,–û–≥–æ–Ω—å~ –∫—Ä–æ–≤—å~ –§–∞–π–µ—Ä~ –ø–ª–∞—Ç—å–µ~ —è–±–ª–æ–∫–æ~ —Å–æ–ª–Ω—Ü–µ~ —Ç–µ–ø–ª–æ~ –≥–æ—Ä—è—á–æ~ –∫—É—à–∞–∫~ —à–∞–ø–æ—á–∫–∞~ –∑–ª–æ—Å—Ç—å~ –ª—é–±–æ–≤—å ,–ü–æ–º–∏–¥–æ—Ä~ –Ω–µ–µ—Å—Ç–µ—Å—Ç–≤–µ–Ω–Ω—ã–π~ –¥–µ—Ç—Å–∫–∏–µ –∫–Ω–∏–∂–∫–∏ ,4,–í–∏–Ω–æ~ –≥—Ä–∞–Ω–∞—Ç~ –∫—Ä–æ–≤—å,5,–†–æ–∑–æ–≤—ã–π~ –∂—ë—Å—Ç–∫–∏–π~ –ø—Ä–æ—Ç–∏–≤–Ω—ã–π,2,–ê–ª—ã–π~ —Ñ–ª–∞–≥~ —è—Ä–∫–∏–π ,5,–¢–æ—Ç –∂–µ~ —á—Ç–æ –∏ –ø—Ä–µ–¥—ã–¥—É—â–∏–π~ —è—Ä–∫–∏–π~ –±–æ–ª—å–Ω–æ –≥–ª–∞–∑–∞–º ,5,–°–ª–∏—à–∫–æ–º —è—Ä–∫–∏–π~ —è—Ä–∫–æ-–∫—Ä–∞—Å–Ω–∞—è —Ä–æ–∑–∞,4,–ö—Ä–∞—Å–Ω—ã–π~ –ø–ª–æ—Å–∫–∏–π ,4,–¢—ë–º–Ω—ã–π~ –∫–∏—Ä–ø–∏—á~ –∫–æ—Ä–∏—á–Ω–µ–≤—ã–π,2,–¢—ë–º–Ω—ã–π~ —à–∏–ø–æ–≤–Ω–∏–∫,2, –ê –º–æ–∂–µ—Ç —è –¥–∞–ª—å—Ç–æ–Ω–∏–∫... I belive in –ê–Ω—Ç–æ–Ω –ê–ª–µ–∫—Å–∞–Ω–¥—Ä–æ–≤–∏—á –°–æ–º–∏–Ω supremacy 
23.10.2024 20:22:50,–ñ–µ–Ω—Å–∫–∏–π,18,–≠—Ç–æ —Ü–≤–µ—Ç —Ç–∞–∫–æ–π) –≤—ã–¥–µ–ª—è–µ—Ç—Å—è –ø–µ—Ä–≤—ã–º –≤ —è–∑—ã–∫–∞—Ö –ø–æ—Å–ª–µ —á–µ—Ä–Ω–æ–≥–æ –∏ –±–µ–ª–æ–≥–æ. –ö—Ä–æ–≤—å~ –æ–≥–æ–Ω—å~ –ª—é–±–æ–≤—å~ –æ–ø–∞—Å–Ω–æ—Å—Ç—å~ —Ä–æ–∑–∞~ –∑–Ω–∞–∫ "—Å—Ç–æ–ø"~ –æ—Ü–µ–Ω–∫–∞ ,–†—ã–∂–∏–π~ —Å–∫–æ—Ä–µ–µ –æ—Ä–∞–Ω–∂–µ–≤—ã–π —á–µ–º –∫—Ä–∞—Å–Ω—ã–π~ –º–Ω–µ –Ω—Ä–∞–≤–∏—Ç—Å—è —ç—Ç–æ—Ç —Ü–≤–µ—Ç~ –∞—Å—Å–æ—Ü–∏–∞—Ü–∏–∏ —Å –ê–ª–∏–≠–∫—Å–ø—Ä–µ—Å—Å,2,–≤–∏–Ω–æ~ –≤–∏—à–Ω—ë–≤—ã–π~ —Å—Ç—Ä–∞—Å—Ç—å,4,–∏–Ω—Ñ–∞–Ω—Ç–∏–ª—å–Ω–æ—Å—Ç—å~ –º–æ—Ä–æ–∂–µ–Ω–æ–µ –∏–ª–∏ –∫–∞–∫–∏–µ —Ç–æ —Ö–∏–º–æ–∑–Ω—ã–µ –∫—Ä–∞—Å–∏—Ç–µ–ª–∏~ –ø–∏–Ω–∫–∏ –ø–∞–π,2,–∫—Ä–∞—Å–Ω—ã–π!!!! –∞—Å—Å–æ—Ü–∏–∏—Ä—É–µ—Ç—Å—è —Å –º–∞–≥–∞–∑–∏–Ω–æ–º –º–∞–≥–Ω–∏—Ç~ –≤ —Ü–µ–ª–æ–º —Å –ø—Ä–æ–¥–∞–∂–µ–π ,5,–≤ —Ü–µ–ª–æ–º –∫–∞–∫ –ø—Ä–µ–¥—ã–¥—É—â–∏–π –Ω–æ —á—É—Ç—å —Ç–µ–º–Ω–µ–µ –∏ —Å–ø–æ–∫–æ–π–Ω–µ–µ ,5,—á—É—Ç—å –±–æ–ª–µ–µ —Ä–æ–∑–æ–≤—ã–π~ —á–µ–º –∫—Ä–∞—Å–Ω—ã–π~ —Ü–≤–µ—Ç —Ö–æ–ª–æ–¥–Ω–æ–≥–æ –æ—Ç—Ç–µ–Ω–∫–∞ –∫—Ä–∞—Å–Ω–æ–π –ø–æ–º–∞–¥—ã,4,–∑–Ω–∞–∫ —Å—Ç–æ–ø ,5,–±–æ—Ä–¥–æ–≤—ã–π~ —á—Ç–æ-—Ç–æ —Å—É–ø–µ—Ä –æ—Å–µ–Ω–Ω–µ–µ –∏ —ç—Å—Ç–µ—Ç–∏—á–Ω–æ–µ~ –í–ª–∞–¥–∏–º–∏—Ä –ú–∞—è–∫–æ–≤—Å–∫–∏–π ,2,–≤–∏—à–Ω–µ–≤—ã–π –æ–ø—è—Ç—å~ –Ω–µ –æ—á–µ–Ω—å –æ—Ç–ª–∏—á–∞–µ—Ç—Å—è –æ—Ç –ø–µ—Ä–≤–æ–≥–æ –≤–∏—à–Ω—ë–≤–æ–≥–æ~ —Ä–∞–∑–≤–µ —á—Ç–æ —Ö–æ–ª–æ–¥–Ω–µ–µ ,3,–∫–ª—ë–≤–æ –Ω–æ –ø–∞—Ä–æ—á–∫—É –ø–∞—Ä —Ü–≤–µ—Ç–æ–≤ —è –Ω–µ —Ä–∞–∑–ª–∏—á–∞—é. —Å–ø–∞—Å–∏–±–æ –∑–∞ —Ä–æ–∑—ã –∂–µ–ª–∞—é —É–¥–∞—á–∏ –≤ –∏—Å—Å–ª–µ–¥–æ–≤–∞–Ω–∏–∏ 
23.10.2024 20:23:05,–ñ–µ–Ω—Å–∫–∏–π,18,–ö—Ä–∞—Å–Ω—ã–π —Ü–≤–µ—Ç –≤—Ä–æ–¥–µ –≤—ã–∑—ã–≤–∞–µ—Ç –≤ —á–µ–ª–æ–≤–µ–∫–µ –Ω–µ—Ä–≤–Ω—ã–µ/–∞–≥—Ä–µ—Å—Å–∏–≤–Ω—ã–µ —á—É–≤—Å—Ç–≤–∞. –ê—Å—Å–æ—Ü–∏–∞—Ü–∏–∏: –∫—Ä–æ–≤—å –∏ –ø–æ–º–∏–¥–æ—Ä—ã,—Ç—Ä–æ–ø–∏—á–µ—Å–∫–∏–µ —Ä—ã–±—ã,4,–≤–∏—à–Ω—è –∏ –ø–æ–º–∞–¥–∞ –º–æ–µ–π –ø–æ–¥—Ä—É–≥–∏,3,–¥–µ–≤–æ—á–∫–∏-–∞–ª—å—Ç—É—à–∫–∏,2,—Ü–≤–µ—Ç —Å–≤–µ—Ç–æ—Ñ–æ—Ä–∞,4,–ø–æ–º–∏–¥–æ—Ä—ã –∏ —è–±–ª–æ–∫–∏,5,–º–∞–ª–∏–Ω–∞,3,–∫—Ä–æ–≤—å,5,—Ä–∞–∑–º–æ–∫—à–∞—è –ø–æ–¥ –¥–æ–∂–¥–µ–º –≥–ª–∏–Ω—è–Ω–∞—è –¥–æ—Ä–æ–≥–∞,3,–º–æ—Ä—Å –∏–ª–∏ –∫–æ–º–ø–æ—Ç,2,–≤–æ—Ç –≤–∞–º –∞–Ω–µ–∫–¥–æ—Ç –ø—Ä–æ –∫—Ä–∞—Å–Ω—ã–π –∏–∑ –≥—É–≥–ª–∞: –ö—Ä–∞—Å–Ω—ã–π-–∫—Ä–∞—Å–Ω—ã–π –≥–æ—Ä–æ–¥. –ö—Ä–∞—Å–Ω—ã–µ –∂–∏—Ç–µ–ª–∏. –ö—Ä–∞—Å–Ω–æ–µ –Ω–µ–±–æ. –ö—Ä–∞—Å–Ω—ã–π —Ä–µ—Å—Ç–æ—Ä–∞–Ω –ö—Ä–∞—Å–Ω—ã–µ –ø–æ—Å–µ—Ç–∏—Ç–µ–ª–∏~ –Ω–∞–ø–∏—Ç–∫–∏ - –¥—Ä—É–≥–æ–≥–æ —Ü–≤–µ—Ç–∞ –Ω–∏–≥–¥–µ –Ω–µ—Ç. –í–¥—Ä—É–≥~ —Å—Ä–µ–¥–∏ –≤—Å–µ–≥–æ —ç—Ç–æ–≥–æ~ –ó–ï–õ–ï–ù–´–ô –ø–æ—Å–µ—Ç–∏—Ç–µ–ª—å –≤ –∑–∞–ª–µ. –í—Å–µ –≤ —à–æ–∫–µ. –ü–æ–¥—Ö–æ–¥–∏—Ç –æ—Ñ–∏—Ü–∏–∞–Ω—Ç –∫ –∫–ª–∏–µ–Ω—Ç—É: - –ü—Ä–æ—Å—Ç–∏—Ç–µ~ –Ω–æ... –∫–∞–∫ —ç—Ç–æ –≤—ã —Ç–∞–∫–æ–π –∑–µ–ª–µ–Ω—ã–π?! - –ê —è –∏–∑ –¥—Ä—É–≥–æ–≥–æ –∞–Ω–µ–∫–¥–æ—Ç–∞!!!!
23.10.2024 20:24:08,–ñ–µ–Ω—Å–∫–∏–π,18,—Ü–≤–µ—Ç –∫—Ä–æ–≤–∏~ —Ü–≤–µ—Ç –±–ª–∞–≥–æ—Ä–æ–¥—Å—Ç–≤–∞ –∏ –∫–æ—Ä–æ–ª–µ–π~ –µ—Å—Ç—å –º–Ω–æ–≥–æ —Å–∏–º–≤–æ–ª–æ–≤...,–∫—Ä–∏—á–∞—â–∏–π –∫—Ä–∞—Å–Ω—ã–π~ –Ω–µ —Å–ª–∏—à–∫–æ–º –Ω–∞—Å—ã—â–µ–Ω–Ω—ã–π –∏ –≥—É—Å—Ç–æ–π~ —Å–∫–æ—Ä–µ–µ –∏–º–µ–Ω–Ω–æ —è—Ä–∫–∏–π. –∞—Å—Å–æ—Ü–∏–∞—Ü–∏–∏: –ö—Ä–µ–º–ª–µ–≤—Å–∫–∞—è –∑–≤–µ–∑–¥–∞~ –∫—Ä–∞—Å–Ω—ã–π –Ω–∞ —Ñ–ª–∞–≥–µ,4,–æ—á–µ–Ω—å –ø—Ä–∏—è—Ç–Ω—ã–π –∏ –≥—É—Å—Ç–æ–π~ –Ω–∞—Å—ã—â–µ–Ω–Ω—ã–π. —Å–∫–æ—Ä–µ–µ –≤ –º–∞–ª–∏–Ω–æ–≤—ã–π –∏–ª–∏ —á—É—Ç—å –¥–∞–∂–µ –≤ –±–æ—Ä–¥–æ–≤—ã–π. –±–ª–∞–≥–æ—Ä–æ–¥—Å—Ç–≤–æ~ —Å–ø–æ–∫–æ–π—Å—Ç–≤–∏–µ~ —É—é—Ç~ —É–≤–µ—Ä–µ–Ω–Ω–æ—Å—Ç—å,2,–û–ß–ï–ù–¨ –∫—Ä–∏—á–∞—â–∏–π. –Ω–µ –æ—á–µ–Ω—å –ø—Ä–∏—è—Ç–Ω—ã–π~ "–∏—Å–∫—É—Å—Å—Ç–≤–µ–Ω–Ω—ã–π",4,–ø–æ—á—Ç–∏ –∫–∞–∫ –ø—Ä–µ–¥—ã–¥—É—â–∏–π~ –¥–æ—Å—Ç–∞—Ç–æ—á–Ω–æ —è—Ä–∫–∏–π –∏ –∫—Ä–∏—á–∞—â–∏–π~ —Ä–µ–∂—É—â–∏–π –≥–ª–∞–∑–∞ . –∞—Å—Å–æ—Ü–∏–∞—Ü–∏–∏ —Å —á–µ–º-—Ç–æ —è—Ä–∫–∏–º –¥–µ—Ç—Å–∫–∏–º (–∏–≥—Ä—É—à–∫–∞–º–∏),4,—á—É—Ç—å –±–æ–ª–µ–µ –≥–ª—É–±–æ–∫–∏–π~ —á–µ–º –ø—Ä–µ–¥—ã–¥—É—â–∏–π. —Å –∞—Ä–±—É–∑–æ–º.,5,–Ω–µ –º–æ–≥—É –≤–æ—Å–ø—Ä–∏–Ω–∏–º–∞—Ç—å –°–¢–û–õ–¨–ö–û —Ä–∞–∑–Ω—ã—Ö –æ—Ç—Ç–µ–Ω–∫–æ–≤...,4,—Å–Ω–æ–≤–∞ –∞—Ä–±—É–∑–Ω—ã–π?... –∏–ª–∏ —Ü–≤–µ—Ç –∫—Ä–∞—Å–Ω—ã—Ö —è–≥–æ–¥,4,–û—á–µ–Ω—å –ø—Ä–∏—è—Ç–Ω—ã–π~ —Ç—ë–ø–ª—ã–π~ –≥–ª—É–±–æ–∫–∏–π. –ë–ª–∏–∂–µ –∫ –∫–æ—Ä–∏—á–Ω–µ–≤–æ–º—É —É–∂–µ. —Ü–≤–µ—Ç –æ—Å–µ–Ω–Ω–µ–≥–æ –≥–∞—Ä–¥–µ—Ä–æ–±–∞ –∏–ª–∏ –ø–æ–º–∞–¥—ã —Ñ—Ä–∞–Ω—Ü—É–∂–µ–Ω–∫–∏ ,2,—á—É—Ç—å –±–æ–ª–µ–µ –º–∞–ª–∏–Ω–æ–≤—ã–π —á–µ–º –ø—Ä–µ–¥—ã–¥—É—â–∏–π. –∫—Ä–æ–≤—å.,3,
23.10.2024 20:26:27,–ñ–µ–Ω—Å–∫–∏–π,18,—è—Ä–æ—Å—Ç—å~ –∫—Ä–æ–≤—å~ –≤–æ–π–Ω–∞~ –º–µ—Å—è—á–Ω—ã–µ~ –±–æ–ª—å,–≥—Ä–µ–π–ø—Ñ—Ä—É—Ç~ –∫—Ä–∞—Å–Ω–∞—è —Ä—ã–±–∞,3,–≤–∏–Ω–æ~ –≥—Ä–∏—Ñ—Ñ–∏–Ω–¥–æ—Ä~ –∫—Ä–æ–≤—å~ –∫–æ—Ä–æ–ª–µ–≤—Å–∫–∞—è –º–∞–Ω—Ç–∏—è,1,–∏–º–±–∏—Ä—å~ –≥—É–±–Ω–∞—è –ø–æ–º–∞–¥–∞~ —Ä—É—Å–∞–ª–æ—á–∫–∞,0,–º—É–ª—å—Ç—è—à–Ω–æ–µ –º—è—Å–æ~ –Ω–∞–∫–∞–ª–µ–Ω–Ω–æ–µ –≤ –∫—É–∑–Ω–µ –∂–µ–ª–µ–∑–æ,4,—Ñ–ª–∞–≥~ –º–∞–∫–¥–æ–Ω–∞–ª—å–¥—Å,5,–≥—É–±–Ω–∞—è –ø–æ–º–∞–¥–∞,3,–Ω–µ—Ç –∞—Å—Å–æ—Ü–∏–∞—Ü–∏–∏,4,–∑–∞–ø–µ–∫—à–∞—è—Å—è –∫—Ä–æ–≤—å~ —á—Ç–æ-—Ç–æ –Ω–µ–ø—Ä–∏—è—Ç–Ω–æ–µ,1,–≥—É–±–Ω–∞—è –ø–æ–º–∞–¥–∞,1,–æ—á–µ–Ω—å –∫—Ä—É—Ç–æ–π –æ–ø—Ä–æ—Å~ –Ω–æ –º–æ–∑–≥–æ–¥—Ä–æ–±–∏—Ç–µ–ª—å–Ω—ã–π!!!!!
23.10.2024 20:27:20,–ñ–µ–Ω—Å–∫–∏–π,18,–ª—é–±–æ–≤—å,–ª—é–±–æ–≤—å~ –ø—Ä–∏—è—Ç–Ω–æ~ —Ü–≤–µ—Ç–æ–∫,2,–∫—Ä–æ–≤—å~ –±–æ–ª—å,4,—Ñ–ª–∞–º–∏–Ω–≥–æ ,0,—Ç–æ–º–∞—Ç,5,–º–∞—Ä–º–µ–ª–∞–¥,4,–º–∞–ª–∏–Ω–∞,3,–ø–µ—Ä–µ—Ü,4,—Å–ø–µ–ª–æ—Å—Ç—å~ –∑–∞–ø–µ—á–µ–Ω–Ω—ã–π —Ç–æ–º–∞—Ç,1,–±–æ—Ä–¥–æ–≤—ã–π~ –∫–ª—é–∫–≤–∞,2,
23.10.2024 20:27:35,–ú—É–∂—Å–∫–æ–π,18,—Ü–≤–µ—Ç –ø–æ–±–µ–¥—ã~ –º–∞—Ä—Å–∞~ –≤–æ–π–Ω—ã ,–º–æ—Ä–∫–æ–≤—å~ –∫–∏—Ä–ø–∏—á~ —á–µ—Ä–µ–ø–∏—Ü–∞,1,–ø–ª–∞—Ç–æ–∫~ –∫—Ä–æ–≤—å~ –¥–∏–ø–ª–æ–º,4,—Ü–≤–µ—Ç—ã~ –º–∞–Ω–∏–∫—é—Ä~ –±–∞—Ä–±–∏,2,—Å–æ–≤–µ—Ç—Å–∫–∏–π —Å–æ—é–∑~ —Ä–æ–∑—ã~ –∑–Ω–∞–∫ —Å—Ç–æ–ø,5,—Ç–µ—Ä—Ä–∞–∫–æ—Ç–∞~ —Ö–∏–º–∏—è,4,–º–∞—à–∏–Ω–∞ –≤ —Ü–≤–µ—Ç–µ —Ñ—É–∫—Å–∏—è~ –º–∞–Ω–∏–∫—é—Ä,3,—Å—Å—Å—Ä~ –æ–≥–æ–Ω—å~ —Å–∞–ª—é—Ç,5,–≤–∏–Ω–æ~ —á—É—Ä—á—Ö–µ–ª–∞~ –∫–µ—Ç—á—É–ø,4,–≤–∏–Ω–æ~ –∫–ª—É–±–Ω–∏–∫–∞,4,–æ—á–µ–Ω—å –º–Ω–æ–≥–æ —Ü–≤–µ—Ç–æ–≤‚Ä¶ 
23.10.2024 20:48:14,–ñ–µ–Ω—Å–∫–∏–π,18,–≥–Ω–µ–≤,–Ø –Ω–µ –∑–Ω–∞—é –ø–æ—á–µ–º—É~ –Ω–æ –æ–Ω –∞—Å—Å–æ—Ü–∏–∏—Ä—É–µ—Ç—Å—è —Å –º–æ—Ä–∫–æ–≤–∫–æ–π,3,–∫—Ä–æ–≤—å,4,–†–æ–∑–æ–≤—ã–π~ –±–∞—Ä–±–∏,0,–Ω—É —ç—Ç–æ –ø—Ä—è–º –∫—Ä–∞—Å–Ω—ã–π~ –∫–∏—Å–ª–æ—Ç–Ω—ã–π –∫—Ä–∞—Å–Ω—ã–π~ —á–µ–ª–∏–∫–∞ –∏–∑ –∞–º–æ–Ω–≥ –∞—Å–∞ —Å—Ä–∞–∑—É –≤—Å–ø–æ–º–Ω–∏–ª–∞,5,–ü—Ä–æ—Å—Ç–æ –∫—Ä–∞—Å–Ω—ã–π~ —ç—Ç–æ—Ç –æ—Ç—Ç–µ–Ω–æ–∫ –Ω–µ –∫–∏—Å–ª–æ—Ç–Ω—ã–π,5,–ó–∞–∫–æ—Å –Ω–∞ —Ä–æ–∑–æ–≤—ã–π~ –º–∞–ª–∏–Ω–∞,2,–û–ø—è—Ç—å —á–µ–ª–∏–∫ –∏–∑ –∞–º–æ–Ω–≥ –∞—Å–∞,5,–î–ª—è –º–µ–Ω—è —ç—Ç–æ –±–æ–ª—å—à–µ –∫—Ä–∞—Å–Ω–æ–≤–∞—Ç—ã–π –æ—Ç—Ç–µ–Ω–æ–∫ –∫–æ—Ä–∏—á–Ω–µ–≤–æ–≥–æ,1,–±–æ—Ä–¥–æ,1,–æ–π–æ–π –∫–∞–∫–∏–µ —Ä–æ–∑—ã
23.10.2024 20:55:47,–ú—É–∂—Å–∫–æ–π,18,–ú–æ–π –ª—é–±–∏–º—ã–π —Ü–≤–µ—Ç) –ê—Å—Å–æ—Ü–∏–∏—Ä—É–µ—Ç—Å—è —Å –ª—é–±–æ–≤—å—é~ —Å–∏–ª–æ–π –∏ —É—Å–ø–µ—Ö–æ–º.,–æ—Å–µ–Ω—å~ –ø—Ä–æ—Å—Ç–æ—Ç–∞~ —ç–Ω–µ—Ä–≥–∏—è,0,–ª—é–±–æ–≤—å~ –¥–∏–Ω–∞–º–∏—á–Ω–æ—Å—Ç—å~ –ø–æ–±–µ–¥–∞,5,–æ–±–∞—è–Ω–∏–µ~ —Ä–æ–º–∞–Ω—Ç–∏–∫–∞~ –≤–µ–∂–ª–∏–≤–æ—Å—Ç—å,0,—Ä–µ–∑–∫–∏–π~ –¥–µ—Ä–∑–∫–∏–π~ –Ω–∞—Å—Ç–æ–π—á–∏–≤—ã–π,4,–ø—Ä–æ—Å—Ç–æ—Ç—É~ –ª–µ–≥–∫–æ—Å—Ç—å~ –≤—ã—á—É—Ä–Ω–æ—Å—Ç—å,2,–æ–ø–∞—Å–Ω—ã–π~ –∫—Ä–∞—Å–∏–≤—ã–π~ —É–ø–æ—Ä–Ω—ã–π,5,—Å—Ç—Ä–∞—Å—Ç—å~ –∂–∞—Ä~ —ç–Ω–µ—Ä–≥–∏—è,3,—Å–ø–æ–∫–æ–π—Å—Ç–≤–∏–µ~ —É—Å–ø–µ—Ö~ —Å–≤–æ–±–æ–¥–∞,5,—Å–ø–æ–∫–æ–π—Å—Ç–≤–∏–µ~ —É—Å–ø–µ—Ö~ —Å–≤–æ–±–æ–¥–∞,5,–ß—Ç–æ-—Ç–æ —Å–ª–∏—à–∫–æ–º –º–Ω–æ–≥–æ —Ü–≤–µ—Ç–æ–≤ –±—ã–ª–æ)) –ù–µ–∫–æ—Ç–æ—Ä—ã–µ –¥–∞–∂–µ –±—ã–ª–∏ –æ–¥–∏–Ω–∞–∫–æ–≤—ã–µ (–ø–æ –º–æ–µ–º—É –º–Ω–µ–Ω–∏—é)
23.10.2024 20:59:11,–ñ–µ–Ω—Å–∫–∏–π,17,—Å—Ç—Ä–∞—Å—Ç—å~ –ª—é–±–æ–≤—å~ —Ä–æ–∑—ã~ –∫—Ä–æ–≤—å,–°–∫–æ—Ä–µ–µ –æ—Ä–∞–Ω–∂–µ–≤—ã–π~ —Ü–≤–µ—Ç –º–æ—Ä–∫–æ–≤–∏,2,–ü–æ—á—Ç–∏ –±–æ—Ä–¥–æ–≤—ã–π~ —à—Ç–æ—Ä—ã —Ç–∞–∫–æ–≥–æ —Ü–≤–µ—Ç–∞,4,–°–∫–æ—Ä–µ–µ –∫–æ—Ä–∞–ª–ª–æ–≤—ã–π~ —Ä–æ–∑–æ–≤—ã–π~ —Å–ø–æ–∫–æ–π—Å—Ç–≤–∏–µ~ —É–º–∏—Ä–æ—Ç–≤–æ—Ä–µ–Ω–∏–µ,3,–∫—Ä–∞—Å–Ω—ã–π –ø—Ä–æ—Ç–æ—Ç–∏–ø–∏—á–µ—Å–∫–∏–π. –¶–≤–µ—Ç –Ω–µ –æ—á–µ–Ω—å –ø—Ä–∏—è—Ç–µ–Ω~ —Ç –∫ —Å–ª–∏—à–∫–æ–º –∑–∞–µ–∑–∂–µ–Ω,5,–ù–µ–¥–æ–∫—Ä–∞—Å–Ω—ã–π~ —Ä—ã–∂–µ–µ,4,–Ø—Ä–∫–∏–π~ —Å–ª–∏—à–∫–æ–º –º–∞–ª–∏–Ω–æ–≤—ã–π,5,–≠—Ç–æ –±–ª–∏–Ω —Ç–∞–∫–æ–π –∂–µ –∫–∞–∫–æ–π –±—ã–ª –ø—Ä–µ–¥—É–¥—â–∏–π~ –∏–ª–∏ —è –¥–∞–ª—å—Ç–æ–Ω–∏–∫??,5,–ö–û—Ä–∏—á–Ω–µ–≤—ã–π~ –∫–æ—Ä–∞~ –ø—Ä–æ—Ç–æ—Ç–∏–ø–∏—á–µ—Å–∫–∏–π —Ü–≤–µ—Ç –ø—Ä–æ—Ç–æ—Ç–∏–ø–∏—á–µ—Å–∫–æ–≥–æ –º–µ–¥–≤–µ–¥—è,0,–û–ø—è—Ç—å —Ü–≤–µ—Ç —à—Ç–æ—Ä,2,–∫—Ä–∞—Å–Ω—ã–π - –º–æ–π –ª—é–±–∏–º—ã–π —Ü–≤–µ—Ç. –ù–æ—à—É –∫—Ä–∞—Å–Ω–æ–µ –ø–∞–ª—å—Ç–æ –∏ –∫—Ä–∞—Å–Ω—ã–π —Å–≤–∏—Ç–µ—Ä
23.10.2024 20:59:25,–ú—É–∂—Å–∫–æ–π,18,–ö—Ä–æ–≤—å, –∞—Ä–±—É–∑~ –∫—Ä–æ–≤–∞–≤–∞—è –º—ç—Ä–∏,1,–∫–∞—Ä–∞–º–µ–ª—å–Ω–æ–µ —è–±–ª–æ–∫–æ,3, –ø–∞—Ç—Ä–∏–∫ –∏–∑ –≥—É–±–∫–∏ –±–æ–±–∞,1,–ê–≥—Ä–µ—Å—Å–∏—è,5,–î–æ–±—Ä—ã–π –∫—Ä–∞—Å–Ω—ã–π ,4,—Å–∫–∏–±–∏–¥–∏ ,3,–¥–æ–ø –¥–æ–ø,3,–µ—Å –µ—Å,3,–æ–Ω —É–∂–µ –±—ã–ª,3,—â–∞—Å –±—ã –ø–∏–≤–∫–∞ –±–∞—Ö–Ω—É—Ç—å 
23.10.2024 20:59:33,–ñ–µ–Ω—Å–∫–∏–π,18,–ê–≥—Ä–µ—Å—Å–∏—è~ –∑–ª–æ—Å—Ç—å~ —Ä—è–±–∏–Ω–∞,–†—É–º—è–Ω–∞ –∫—Ä–∞—Å–Ω–æ–≥–æ –æ—Ç—Ç–µ–Ω–∫–∞,1,–†–æ—Å–∫–æ—à—å —ç–ª–µ–≥–∞–Ω—Ç–Ω–æ—Å—Ç—å –≤–∏–Ω–æ ,5,–†–æ–∑–æ–≤—ã–π~ –º–∏–ª—ã–π ,1,–°—Ç–æ–ø~ –æ—Ç–º–µ–Ω–∞,5,–í –æ—Ä–∞–Ω–∂–µ–≤—ã–π –æ—Ç–¥–∞–µ—Ç,2,–ë–æ–ª–µ–µ –º–∞–ª–∏–Ω–æ–≤—ã–π ,3,–ë—É–¥—Ç–æ —É–∂–µ –±—ã–ª —ç—Ç–æ—Ç —Ü–≤–µ—Ç~ –Ω–µ—Ç –∞—Å—Å–æ—Ü–∏–∞—Ü–∏–π ,4,–ë–∞—Ä—Ö–∞—Ç ,5,–ñ–µ–Ω—Å—Ç–≤–µ–Ω–Ω–æ—Å—Ç—å ,4,
23.10.2024 21:02:05,–ñ–µ–Ω—Å–∫–∏–π,18,–∞—Ç—Ç–µ—Å—Ç–∞—Ç~ –∫–∞–∫ –ø–æ–º–∏–¥–æ—Ä~ —Ñ–ª–∞–≥~ –∫—Ä–æ–≤—å,—Ñ–ª–∞–≥ –°–°–°–†~ –ø–æ–≤—è–∑–∫–∏ –Ω–∞ —Ä—É–∫–∞–≤–µ~ –∞–ª—ã–π,4,–∫–æ–º–ø–æ—Ç~ –∫—Ä–æ–≤—å,4,–º–∞–ª–∏–Ω–æ–≤—ã–π~ –∫–∏—Å–µ–ª—å,3,—è—Ä–∫–∏–π~ –∞—Ç—Ç–µ—Å—Ç–∞—Ç,5,–∞–ª—ã–π~ —Ñ–ª–∞–≥ –°–°–°–†/–ú–æ—Å–∫–≤—ã,4,—Ñ–ª–∞–≥ –°–°–°–†/–ú–æ—Å–∫–≤—ã~ —Ç–æ–ª—Å—Ç–æ–≤–∫–∞ –í–∑–ª–µ—Ç–∞,5,—Ñ–ª–∞–≥~ –Ω–µ–ø—Ä–∞–≤–∏–ª—å–Ω–æ/–ª–æ–∂—å~ —Ç–æ–ª—Å—Ç–æ–≤–∫–∞ –í–∑–ª–µ—Ç–∞,4,–≥—Ä—è–∑–Ω–æ-–∫—Ä–∞—Å–Ω—ã–π~ —à–∏–ø–æ–≤–Ω–∏–∫ –∑–∞—Å–æ—Ö—à–∏–µ —è–≥–æ–¥—ã —Ä—è–±–∏–Ω—ã,2,–∫—Ä–æ–≤—å~ —à–∏–ø–æ–≤–Ω–∏–∫,3,—Ç—è–∂–µ–ª–æ...
23.10.2024 21:02:24,–ñ–µ–Ω—Å–∫–∏–π,18,–û–ø–∞—Å–Ω–æ—Å—Ç—å~ –∫—Ä–∞—Å–æ—Ç–∞~ —Å–æ–±–ª–∞–∑–Ω~ —è—Ä–∫–æ—Å—Ç—å~ –æ–≥–æ–Ω—å~ –∫—Ä–æ–≤—å,–Ø—Ä–∫–æ—Å—Ç—å~ —Ç–µ–ø–ª–æ~ –∞–ø–µ–ª—å—Å–∏–Ω—ã?,3,–ì–ª—É–±–∏–Ω–∞~ –∫—Ä–∞—Å–æ—Ç–∞~ –¥–æ—Å—Ç–æ–∏–Ω—Å—Ç–≤–æ,4,–Ø—Ä–∫–æ—Å—Ç—å~ –Ω–æ–≤–∏–∑–Ω–∞~ —Ü–≤–µ—Ç—ã,2,–û–ø–∞—Å–Ω–æ—Å—Ç—å~ —Å–∏–ª–∞~ —è—Ä–∫–æ—Å—Ç—å,5,–ü–æ–¥–æ–∑—Ä–µ–Ω–∏–µ~ —è—Ä–∫–æ—Å—Ç—å,4,–Ø—Ä–∫–æ—Å—Ç—å~ –∫—Ä–∞—Å–æ—Ç–∞~ —Ü—ã–≥–∞–Ω—â–∏–Ω–∞?,4,–Ø—Ä–∫–æ—Å—Ç—å~ –∫—Ä–∞—Å–æ—Ç–∞~ –∞–∫–∫—É—Ä–∞—Ç–Ω–æ—Å—Ç—å,5,–ì–ª—É–±–∏–Ω–∞~ —Å–ø–æ–∫–æ–π—Å—Ç–≤–∏–µ~ –¥–æ—Å—Ç–æ–∏–Ω—Å—Ç–≤–æ~ –∫–∏—Ä–ø–∏—á?,3,–¢–æ–º–Ω—ã–π~ –≥–ª—É–±–æ–∫–∏–π~ –∫—Ä–∞—Å–∏–≤—ã–π~ —Ü–≤–µ—Ç—ã,4,
23.10.2024 21:07:33,–ñ–µ–Ω—Å–∫–∏–π,19,—ç—Ç–æ —Ü–≤–µ—Ç~ –∞—Å—Å–æ—Ü–∏–∏—Ä—É–µ—Ç—Å—è —Å —Å–∏–ª–æ–π~ —Ç—Ä–µ–≤–æ–≥–æ–π~ –∫—Ä–æ–≤—å—é ,–∞—Å—Å–æ—Ü–∏–∏—Ä—É–µ—Ç—Å—è —Å —Å–æ–≤–µ—Ç—Å–∫–∏–º–∏ –º—É–ª—å—Ç–∏–∫–∞–º–∏ –∏–ª–∏ –¥–µ—Ç—Å–∫–∏–º–∏ —Ñ–∏–ª—å–º–∞–º–∏~ –∞ —Ç–∞–∫–∂–µ —Å–æ —Å–ª–∞–≤—è–Ω—Å–∫–∏–º –∫–æ—Å—Ç—é–º–æ–º,2,–≤–∏–Ω–æ~ –≤–∏—à–Ω–µ–≤—ã–π –¥–µ—Å–µ—Ä—Ç~ –º–∞–Ω–∏–∫—é—Ä –∏–ª–∏ –ø–æ–º–∞–¥–∞ —Ä–æ–∫–æ–≤–æ–π –∂–µ–Ω—â–∏–Ω—ã,4,–ª–µ–¥–µ–Ω–µ—Ü~ –ø–ª–∞—Ç—å–µ –∫—É–∫–ª—ã~ —Ü–≤–µ—Ç —Ç—É—Ñ–µ–ª—å –¥–µ–≤–æ—á–∫–∏ 10 –ª–µ—Ç,0,–∞–≥—Ä–µ—Å—Å–∏—è~ –∫—Ä–æ–≤—å~ –≤–ª–∞—Å—Ç—å,5,–∑–Ω–∞–∫ —Å—Ç–æ–ø~ –æ–ø–∞—Å–Ω–æ—Å—Ç—å~ —Ç—Ä–µ–≤–æ–≥–∞,5,—Ü–≤–µ—Ç —è–≥–æ–¥~ –¥–µ—Å–µ—Ä—Ç~ –≤–∞—Ä–µ–Ω—å–µ,1,—Ü–≤–µ—Ç —è–±–ª–æ–∫–∞~ –Ω–æ–≤—ã–π –≥–æ–¥~ –∫–æ—Å—Ç—é–º –¥–µ–¥–∞ –º–æ—Ä–æ–∑–∞,4,–æ—Å–µ–Ω—å~ –≥–ª–∏–Ω—Ç–≤–µ–π–Ω~ —Ä—è–±–∏–Ω–∞,4,–ª–µ—Å–Ω—ã–µ —è–≥–æ–¥—ã~ –º–∞–ª–∏–Ω–∞~ —Ü–≤–µ—Ç –±–∞–±—É—à–∫–∏–Ω–æ–≥–æ –≤–∏—à–Ω–µ–≤–æ–≥–æ –≤–∞—Ä–µ–Ω—å—è,3,–æ—á–µ–Ω—å –∫—Ä—É—Ç–æ–π —Ç–µ—Å—Ç!! –æ–±–æ–∂–∞—é –≤–æ–ø—Ä–æ—Å—ã –Ω–∞ –∞—Å—Å–æ—Ü–∏–∞—Ü–∏–∏ —Å —Ü–≤–µ—Ç–æ–º~ –æ—Å–æ–±–µ–Ω–Ω–æ –∏–Ω—Ç–µ—Ä–µ—Å–Ω–æ —Ç–∞–∫–æ–µ –ø—Ä–æ—Ö–æ–¥–∏—Ç—å —Å –∫—Ä–∞—Å–Ω—ã–º –∏–∑-–∑–∞ –ø—Ä–æ—Ç–∏–≤–æ—Ä–µ—á–∏–≤–æ—Å—Ç–∏ —Ü–≤–µ—Ç–∞.
23.10.2024 21:19:21,–ú—É–∂—Å–∫–æ–π,18,–≤—Å–µ –Ω–∞ –∫—Ä–∞—Å–Ω–æ–µ,—ç—Ç–æ –Ω–µ –∫—Ä–∞—Å–Ω—ã–π,1,—ç—Ç–æ —Ç–æ–∂–µ –Ω–µ –∫—Ä–∞—Å–Ω—ã–π,2,—ç—Ç–æ —Ü–≤–µ—Ç –∞—Å—Å–æ—Ü–∏–∏—Ä—É–µ—Ç—Å—è –Ω–µ —Å –∫—Ä–∞—Å–Ω—ã–º,0,–ª–µ—Ç—Å –≥–æ –≥–µ–º–±–ª–∏–Ω–≥ –¢–ñ-–¢–ñ-–¢–ñ –£–≠–≠–≠–≠ –æ—É –¥—ç–Ω–≥ –∏—Ç –¢–ñ-–¢–ñ-–¢–ñ –£–≠–≠–≠–≠ –æ—É –¥—ç–Ω–≥ –∏—Ç –¢–ñ-–¢–ñ-–¢–ñ –£–≠–≠–≠–≠ –æ—É –¥—ç–Ω–≥ –∏—Ç –¢–ñ-–¢–ñ-–¢–ñ –£–≠–≠–≠–≠ –æ—É –¥—ç–Ω–≥ –∏—Ç –¢–ñ-–¢–ñ-–¢–ñ –£–≠–≠–≠–≠ –æ—É –¥—ç–Ω–≥ –∏—Ç –¢–ñ-–¢–ñ-–¢–ñ –£–≠–≠–≠–≠ –æ—É –¥—ç–Ω–≥ –∏—Ç –¢–ñ-–¢–ñ-–¢–ñ –£–≠–≠–≠–≠ –æ—É,5,—è –≤—Å–µ –ø—Ä–æ–∏–≥—Ä–∞–ª,5,—Å–Ω–æ–≤–∞ –Ω–µ –∫—Ä–∞—Å–Ω—ã–π üòø,1,—Å–Ω–æ–≤–∞ –∫—Ä–∞—Å–Ω—ã–π üòª,5,—è –ø–æ–¥—É–º–∞–ª —É –º–µ–Ω—è —è—Ä–∫–æ—Å—Ç—å —É–ø–∞–ª–∞,0,–º–Ω–µ –Ω–µ –∫–∞–∂–µ—Ç—Å—è,0,–Ω–∞–¥–æ –≤–º–µ—Å—Ç–æ –∫–∞–ø—á–∏ –≤–≤–µ—Å—Ç–∏ —Ç–µ—Å—Ç –Ω–∞ –æ–ø—Ä–µ–¥–µ–ª–µ–Ω–∏–µ –∫—Ä–∞—Å–Ω–æ–≥–æ –∏–º–æ
23.10.2024 21:38:53,–ñ–µ–Ω—Å–∫–∏–π,17,—è—Ä–∫–∏–π,–æ—Ä–∞–Ω–∂–µ–≤—ã–π; –∑–∞–∫–∞—Ç,3,–≤–∏—à–Ω—è; –≤–∏–Ω–æ,4,–º–∞–ª–∏–Ω–æ–≤—ã–π,1,–Ω–∞—Å—Ç–æ—è—â–∏–π –∫—Ä–∞—Å–Ω—ã–π,5,—Ñ–ª–∞–≥,5,-,4,—Å–æ—á–µ—Ç–∞–Ω–∏–µ —Å —Å–∏–Ω–∏–º,5,–±–æ—Ä–¥–æ–≤—ã–π,0,–±–æ—Ä–¥–æ–≤—ã–π,2,
23.10.2024 21:45:40,–ú—É–∂—Å–∫–æ–π,18,–ù—É —Ü–≤–µ—Ç —Ç–∞–∫–æ–π –µ—Å—Ç—å. –ö—Ä–æ–≤—å~ –æ–≥–æ–Ω—å~ –∫–æ–º–º—É–Ω–∏–∑–º,–ì–Ω–∏–ª–æ–≤–∞—Ç—ã–π –ø–æ–º–∏–¥–æ—Ä~ –≤—ã—Ü–≤–µ—Ç—à–∞—è –≤—ã–≤–µ—Å–∫–∞,1,–°–≤–µ—Ä–Ω—É–≤—à–∞—è—Å—è –∫—Ä–æ–≤—å~ –≥—Ä—è–∑–Ω—ã–π –ø–æ–º–∏–¥–æ—Ä,3,–ë–∞—Ä–±–∏,0,–ü–æ–º–∏–¥–æ—Ä~ –∂–∏–≥—É–ª–∏~ –°–°–°–†,5,–ü–æ–º–∏–¥–æ—Ä,4,–ü–ª–æ—Ö–æ–π –ø–ª–∞—Å—Ç–∏–∫,2,–°–°–°–†,4,–ó–µ–º–ª—è –∫–∞–∫ –≤–µ—â–µ—Å—Ç–≤–æ~ –≥—Ä—è–∑–Ω–æ–µ –º–∞—à–∏–Ω–Ω–æ–µ –º–∞—Å–ª–æ,2,–í–æ—Ç —ç—Ç–æ—Ç —Ü–≤–µ—Ç~ –∫–æ—Ç–æ—Ä—ã–π –≤–∏–¥–Ω–æ~ –∫–æ–≥–¥–∞ –∑–∞–∫—Ä—ã—Ç—ã –≥–ª–∞–∑–∞~ –≤–∏–Ω–æ,3,–ü–æ–º—É—á–∞—Ç—å—Å—è –≤—ã –º–µ–Ω—è –∑–∞—Å—Ç–∞–≤–∏–ª–∏ –∑–Ω–∞—Ç–Ω–æ –∫–æ–Ω–µ—á–Ω–æ
23.10.2024 22:00:58,–ú—É–∂—Å–∫–æ–π,18,–ö—Ä–æ–≤—å~ –≤–æ–π–Ω–∞~ —Ä–æ–∑—ã~ –ø–µ—Ç—É—Ö–∏~ –ø–ª–∞–º—è,–ó–∞–∫–∞—Ç~ –º–æ—Ä–∫–æ–≤—å,3,–¢–æ—Ä–µ–∞–¥–æ—Ä~ –≤–∏–Ω–æ,4,–ë–∞—Ä–±–∏~ –∫—É–ø–∞–ª—å–Ω–∏–∫,2,–§–ª–∞–≥ –°–°–°–†~ –±–æ—Ä—â,5,–ú–æ—Ä–∫–æ–≤—å~ –æ—Ä–∞–Ω–∂–µ–≤–∞—è —Ñ—É—Ç–±–æ–ª–∫–∞,2,–†–∞—Å—Å–≤–µ—Ç~ —Å–æ–∫,2,–¢–æ–º–∞—Ç—ã~ –ø–ª–∞–≤–∫–∏,2,–ö–æ—Ä–∫–∞~ –∑–∞—Å—Ç—ã–≤—à–∞—è –ª–∞–≤–∞,1,–ë–æ—Ä–¥–æ–≤—ã–π~ –≤–∏–Ω–æ,4,
23.10.2024 22:54:22,–ñ–µ–Ω—Å–∫–∏–π,26,Red - Taylor Swift Album,—É—é—Ç~ –¥–æ–º~ —Ç–µ–ø–ª–æ,3,—Ä–µ—à–∏—Ç–µ–ª—å–Ω–æ—Å—Ç—å~ —Å–º–µ–ª–æ—Å—Ç—å~ —Ä–∏—Å–∫,4,–º–æ–¥–∞ 10-—Ö~ –±–ª–µ—Å–∫ –¥–ª—è –≥—É–±,1,—Ç—Ä–µ–≤–æ–≥–∞~ –ø—Ä–µ–¥—É–ø—Ä–µ–∂–¥–µ–Ω–∏–µ,5,–º–∞–∫–∏,4,—Ö–æ–ª–æ–¥~ —Ü–≤–µ—Ç–Ω–∞—è –±—É–º–∞–≥–∞,3,–ø–µ—Ä–≤–∞—è –ø–æ–º–∞–¥–∞,5,–±–∞–∑–∞~ —É–Ω–∏–≤–µ—Ä—Å–∞–ª—å–Ω—ã–π —Ü–≤–µ—Ç,3,—Å—Ç–∏–ª—å~ —Å–¥–µ—Ä–∂–∞–Ω–Ω–æ—Å—Ç—å,3,—Å–ª–æ–∂–Ω–∞ –¥—É–º–æ—Ç—å
23.10.2024 23:45:12,–ñ–µ–Ω—Å–∫–∏–π,19,—Å—É—â–µ—Å—Ç–≤—É–µ—Ç... –∫—Ä–æ–≤—å~ –±–∞—Ä—Ö–∞—Ç~ –∞–Ω–∏–º–µ—à–Ω—ã–µ –≤–∞–º–ø–∏—Ä—ã,–Ω–µ–¥–æ–∫—Ä–∞—Å—ã–π~ –Ω–µ–¥–æ–æ—Ä–∞–Ω–∂–µ–≤—ã–π - –Ω–µ–ø—Ä–∏—è—Ç–Ω—ã–π,0,–∞–ª—ã–π~ –Ω–∞—Å—ã—â–µ–Ω–Ω—ã–π~ –∞—Ä—Ç–µ—Ä–∏–∞–ª—å–Ω–∞—è –∫—Ä–æ–≤—å,4,–∞–ª—ã–π~ —è—Ä–∫–∏–π~ —ç—Ç–∏–∫–µ—Ç–∫–∏,3,–Ω–æ—Ä–º–∞–ª—å–Ω—ã–π –∫—Ä–∞—Å–Ω—ã–π,5,—Å–ª–∏—à–∫–æ–º –æ—Ä–∞–Ω–∂–µ–≤—ã–π,4,–∏–¥–µ–∞–ª–∏–∑–∏—Ä–æ–≤–∞–Ω–Ω—ã–π –∞–ª—ã–π –∫–ª–µ–Ω,4,–Ω–µ –≤–∏–∂—É —Ä–∞–∑–Ω–∏—Ü—ã —É–∂–µ :(,3,—Ç–µ–º–Ω–æ-–∫—Ä–∞—Å–Ω—ã–π~ –Ω–∞—Å—Ç–æ—è—â–∏–π –∞–ª—ã–π –∫–ª–µ–Ω~ –∫—Ä–∞—Å–Ω–æ-–±—É—Ä—ã–π,4,–±–∞—Ä—Ö–∞—Ç~ —Ä–æ—Å–∫–æ—à–Ω—ã–π —Ç–∞–∫–æ–π,5,–ø—Ä–∏–∫–æ–ª—å–Ω—ã–π —Ç–µ—Å—Ç!!
24.10.2024 18:54:22,–ñ–µ–Ω—Å–∫–∏–π,57,–ù–∏—á–µ–≥–æ –Ω–µ –∑–Ω–∞—é,–Ø—Ä–∫–∏–π~ —Ç—ë–ø–ª—ã–π,3,–¢—ë–º–Ω—ã–π~ –Ω–∞—Å—ã—â–µ–Ω–Ω—ã–π,2,–ê–ª—ã–π~ —Å–≤–µ—Ç–ª—ã–π,5,–û—á–µ–Ω—å —è—Ä–∫–∏–π~ –æ–≥–Ω–µ–Ω–Ω—ã–π,4,–û–±—ã—á–Ω—ã–π~ —Ä–∞—Å–ø—Ä–æ—Å—Ç—Ä–∞–Ω—ë–Ω–Ω—ã–π,2,–ö—Ä–∞—Å–∏–≤—ã–π —è—Ä–∫–∏–π~ –Ω–∞—Å—ã—â–µ–Ω–Ω—ã–π,5,–ö–∞–¥–º–∏–π –∫—Ä–∞—Å–Ω—ã–π —Å–≤–µ—Ç–ª—ã–π,3,–í–∏–Ω–Ω—ã–π~ —Ç—ë–ø–ª—ã–π~ –±–∞—Ä—Ö–∞—Ç–Ω—ã–π,2,–•–æ–ª–æ–¥–Ω—ã–π~ —Å–ø–æ–∫–æ–π–Ω—ã–π,3,
25.10.2024 0:27:07,–ú—É–∂—Å–∫–æ–π,18,–ö—Ä–∞—Å–Ω—ã–π - —Ü–≤–µ—Ç~ —Å–∏–º–≤–æ–ª–∏–∑–∏—Ä—É—é—â–∏–π –∫—Ä–æ–≤—å~ –ø–∞—Ç—Ä–∏–æ—Ç–∏–∑–º~ –∫–æ–º–º—É–Ω–∏–∑–º~ –±–æ—Ä—å–±—É~ –∫—Ä–∞—Å–æ—Ç—É~ —Å–º–µ–ª–æ—Å—Ç—å~ –æ—Ç–≤–∞–≥—É~ —Ö—Ä–∞–±—Ä–æ—Å—Ç—å~ –¥–µ—Ä–∑–∫–æ—Å—Ç—å. –ò—Å–ø–æ–ª—å–∑—É–µ—Ç—Å—è –ø—Ä–∞–∫—Ç–∏—á–µ—Å–∫–∏ –Ω–∞ –∫–∞–∂–¥–æ–º —Ñ–ª–∞–≥–µ,–û—Ä–∞–Ω–∂–µ–≤—ã–π~ –Ω–µ–ø–æ–Ω—è—Ç–Ω—ã–π. –ù–µ–¥–æ–∞–ø–µ–ª—å—Å–∏–Ω~ –≤–æ–∑–º–æ–∂–Ω–æ —Ö—É—Ä–º–∞~ –Ω–æ —Ç–æ–∂–µ —Å–ø–æ—Ä–Ω–æ. –í–æ–∑–º–æ–∂–Ω–æ~ –Ω–∞ –∫–æ—Ç–∞ –∏–∑ "–¢—Ä—ë—Ö –∫–æ—Ç–æ–≤" –∏–ª–∏ –µ—â—ë –æ—Ç–∫—É–¥–∞-—Ç–æ –ø–æ—Ö–æ–∂,1,–¢–µ—Ä–ø–∫–æ–µ –≤–∏–Ω–æ~ –∫–∞–ø–∏–ª—è—Ä–Ω–∞—è –∫—Ä–æ–≤—å~ –±–æ—Ä–¥–æ–≤—ã–π~ –í–µ–Ω–≥—Ä–∏—è. –ò—Ç–∞–ª–∏—è~ –ò—Å–ø–∞–Ω–∏—è~ —Ñ–ª–∞–º–µ–Ω–∫–æ~ —Å–∞–ª—å—Å–∞. –°–æ—É—Å –¥–ª—è —Ç–µ—Ñ—Ç–µ–ª–µ–π –≤ –ø–∞—Å—Ç–µ,3,–ù–µ–¥–æ—Ä–æ–∑–æ–≤—ã–π. –î–∞–∂–µ –Ω–µ –∑–Ω–∞—é~ –≥–¥–µ —Ç–∞–∫–æ–π –≤—Å—Ç—Ä–µ—Ç–∏—Ç—å. –ö–∞–∫–æ–π-—Ç–æ –≤—ã—Ü–≤–µ—Ç—à–∏–π –∫—Ä–∞—Å–Ω—ã–π~ 1950-—ã—Ö –≥–æ–¥–æ–≤ –ê–º–µ—Ä–∏–∫–∞~ –∫–æ—Ç—Ç–µ–¥–∂–∏. –ü–ª–∞—Ç—å—è —Å–µ—Ä–µ–¥–∏–Ω—ã XX –≤–µ–∫–∞,2,–õ–æ–≥–æ—Ç–∏–ø —Å–∞–π—Ç–∞ "Rotten Tomatoes". –ë–æ–ª—å—à–æ–π –∏—Ç–∞–ª—å—è–Ω—Å–∫–∏–π –ø–æ–º–∏–¥–æ—Ä~ —Ç–æ–º–∞—Ç. –ê–ª–∞—è –∫—Ä–æ–≤—å. –ü–ª–∞—Ç—å—è~ –ø–æ–º–∞–¥–∞. ,4,–¢–æ–∂–µ —Å–∫–æ—Ä–µ–µ –æ—Ä–∞–Ω–∂–µ–≤—ã–π. –ë–æ–ª–µ–µ –æ—Ä–∞–Ω–∂–µ–≤—ã–π. –ü–æ—Ö–æ–∂ –Ω–∞ Clockwork Orange —Ç–∞–π–º–µ—Ä~ –Ω–∞ –∞–ø–µ–ª—å—Å–∏–Ω –æ–ø—è—Ç—å –∂–µ~ –Ω–æ —É–∂–µ –±–ª–∏–∂–µ,1,–¢–æ–∂–µ –Ω–µ–¥–æ—Ä–æ–∑–æ–≤—ã–π. –ê–≤—Ç–æ–º–æ–±–∏–ª–∏~ –ø–ª–∞—Ç—å—è –ê–º–µ—Ä–∏–∫–∏ 1950-—ã—Ö. –õ–µ–Ω—Ç–æ—á–∫–∏~ –∫–æ—Ä–∑–∏–Ω–∫–∏~ –∫–æ–≤—ë—Ä –¥–ª—è –ø–∏–∫–Ω–∏–∫–∞,2,–¢–æ–∂–µ —Å–∫–æ—Ä–µ–µ –æ—Ä–∞–Ω–∂–µ–≤—ã–π. –ö–∏–Ω–æ–ø–æ–∏—Å–∫~ –†–æ—Å—Ç–µ–ª–µ–∫–æ–º~ Wink. –•—É—Ä–º–∞,2,–ö–æ—Ä–∏—á–Ω–µ–≤—ã–π. –¶–≤–µ—Ç –∑–µ–º–ª–∏~ —Ç–µ—Ñ—Ç–µ–ª–µ–π –≤ –ø–∞—Å—Ç–µ,1,–ë–æ—Ä–¥–æ–≤—ã–π. –¢–µ—Ä–Ω–∏—Å –∏–∑ "Angry Birds". –ö–∞—Ä—Ç—ã –∏–≥—Ä–∞–ª—å–Ω—ã–µ. ,2,
27.10.2024 23:50:59,–ñ–µ–Ω—Å–∫–∏–π,21,–µ—Å—Ç—å –º–∏—à–µ–ª—å –ø–∞—Å—Ç—É—Ä–æ –∏—Å—Ç–æ—Ä–∏—è —Ü–≤–µ—Ç–∞~ —É –º–µ–Ω—è –µ—Å—Ç—å –∫–Ω–∏–∂–∫–∞ –ø—Ä–æ –∫—Ä–∞—Å–Ω—ã–π. –∞ –µ—â—ë –∫—Ä–æ–≤—å~ —Å–º–µ—Ä—Ç—å,–º–∞–Ω–¥–∞—Ä–∏–Ω~ –∏—Ä–ª–∞–Ω–¥–∏—è~ –º–æ—Ä–∫–æ–≤–∫–∞,0,–∫—Ä–æ–≤—å –≥—É–±—ã~ –∫–∞—Ä—Ç—ã,4,–Ω–æ—Å –∫–ª–æ—É–Ω–∞~ –¥–µ—à–µ–≤–µ—è –ø–æ–º–∞–¥–∞ ,3,–∞–ª–∞—è —Ä–æ–∑–∞~ –∫—Ä–∞—Å–Ω–∞—è –∫–æ—Ä–æ–ª–µ–≤–∞ –∏–∑ –∞–ª–∏—Å—ã ,5,–º–æ—Ä–∫–æ–≤–∫–∞,3,–ø—Ä–æ—Å–∏—Ç–µ —è –Ω–µ –ø–æ–Ω–∏–º–∞—é —á–µ–º –æ–Ω –æ—Ç–ª–∏—á–∞–µ—Ç—Å—è –æ—Ç –ø—Ä–µ–¥–ø—Ä–µ–¥—ã–¥—É—â–µ–≥–æ,5,–∫–∞–Ω–∞–¥–∞ –º–æ–Ω–∞–∫–æ (–∏–∑-–∑–∞ —Ñ–ª–∞–≥–∞)~ –ø–æ–ª—å—à–∞ –Ω–µ –≤ —Å—á–µ—Ç ,5,–ø–æ–º–∏–¥–æ—Ä—ã~ –≤–æ–æ–±—â–µ —Ü–≤–µ—Ç –Ω–µ–ø—Ä–∏—è—Ç–Ω—ã–π~ –∫–∞–±–∞—á–∫–æ–≤–∞—è –∏–∫—Ä–∞ ,0,–≤–∏–Ω–æ~ —Ö–æ—Ä–æ—à–∞—è –∫—Ä–∞—Å–Ω–∞—è –ø–æ–º–∞–¥–∞~ –±–∞—Ä—Ö–∞—Ç~ –±–æ–≥–∞—Ç—Å—Ç–≤–æ ,4,—è –ø–æ–¥ –∫–æ–Ω–µ—Ü —á—É—Ç—å –Ω–µ –∑–∞–ø–ª–∞–∫–∞–ª–∞~ –º–Ω–µ 3 –ø–∞—Ä—ã —Ü–≤–µ—Ç–æ–≤ –∫–∞–∑–∞–ª–∏—Å—å –æ–¥–∏–Ω–∞–∫–æ–≤—ã–º–∏..
27.10.2024 23:59:14,–ú—É–∂—Å–∫–æ–π,21,–û–≥–æ–Ω—å~ –∫—Ä–æ–≤—å~ —è—Ä–∫–æ—Å—Ç—å~ –æ—à–∏–±–∫–∞~ –ø—Ä–æ–±–ª–µ–º–∞~ —Ç–æ–º–∞—Ç—ã~ –∫–ª—É–±–Ω–∏–∫–∞~ –∫—Ä–∞—Å–æ—Ç–∞~ —è–≥–æ–¥—ã~ –∫–æ–º–º—É–Ω–∏–∑–º~ –∏–Ω–¥–µ–π—Ü—ã,–ö–∏—Ä–ø–∏—á~ –∑–∞–Ω–∞–≤–µ—Å ,3,–¢–µ–∞—Ç—Ä~ –±–∞—Ä—Ö–∞—Ç,4,–Ø—Ä–∫–æ—Å—Ç—å~ –∏—Å–∫—É—Å—Å—Ç–≤–µ–Ω–Ω–æ—Å—Ç—å~ –º–∞–ª–∏–Ω–∞,3,–ö—Ä–∞—Å–Ω—ã–π~ —Ç–æ–º–∞—Ç~ –æ–±—ã—á–Ω—ã–π ,5,–Ø—Ä–∫–∏–π~ –∞–ª—ã–π ,5,–†–æ–∑–æ–≤–∞—Ç—ã–π~ —è–≥–æ–¥–Ω—ã–π,4,–ö—Ä–∞—Å–Ω—ã–π,5,–ö—Ä–æ–≤—å~ –≤–∏–Ω–æ~ —Ç–∫–∞–Ω—å,3,–í–∏—à–Ω–µ–≤—ã–π~ —Ç–µ–º–Ω—ã–π~ ,3,
28.10.2024 0:32:10,–ú—É–∂—Å–∫–æ–π,21,–Ø–±–ª–æ–∫–æ —Å–µ—Ä–¥—Ü–µ –ø–æ–º–∞–¥–∞,–ë–∞—Ä—Ö–∞—Ç~ –ø–æ–º–∏–¥–æ—Ä~ –ø–µ—Ä—Å–∏–∫,1,–ë–æ—Ä–¥–æ~ –ø–æ–º–∞–¥–∞,3,–†–æ–∑–æ–≤—ã–π~ –Ω–µ–≤–µ—Å—Ç–µ—Å—Ç–≤–µ–Ω–Ω—ã–π,1,–û—â—É—â–µ–Ω–∏–µ –±—É–¥—Ç–æ —ç—Ç–æ –∫—Ä–∞—Å–Ω—ã–π-–∫—Ä–∞—Å–Ω—ã–π~ –Ω–æ –Ω–µ —Å–æ–≤—Å–µ–º... ,4,–ü–µ—Ä—Å–∏–∫~ –ø–æ–º–∏–¥–æ—Ä,1,–ù–µ–º–Ω–æ–≥–æ –≤—ã—Ü–≤–µ—Ç—à–∏–π~ –Ω–µ–º–Ω–æ–≥–æ —Ö–∏–º–æ–∑–Ω—ã–π,4,–ö–∞–∂–µ—Ç—Å—è~ –∫—Ä–∞—Å–Ω—ã–π,5,–ö–æ—Ä–∏—á–Ω–µ–≤—ã–π~ –±–æ—Ä–¥–æ~ –≥–ª–∏–Ω–∞,0,–ë–∞—Ä—Ö–∞—Ç~ —Å–ø–µ–∫—à–µ–µ—Å—è –∫—Ä–æ–≤—å,2,–ñ–µ—Å—Ç—å. –ó–∞ —Ü–≤–µ—Ç—ã —Å–ø–∞—Å–∏–±–æ~ –Ω–æ –ª—É—á—à–µ –∫–æ–Ω—Ñ–µ—Ç—ã :) 
28.10.2024 0:51:51,–ñ–µ–Ω—Å–∫–∏–π,20,–º–æ–π –ª—é–±–∏–º—ã–π —Ü–≤–µ—Ç –≤ –¥–µ—Ç—Å—Ç–≤–µ. –°–∏–ª–∞~ –Ω–∞—Å—ã—â–µ–Ω–Ω–æ—Å—Ç—å~ —Å–æ—á–Ω–æ—Å—Ç—å~ –±–ª–∞–≥–æ—Ä–æ–¥—Å—Ç–≤–æ~ —Å–∏–ª—å–Ω—ã–µ —ç–º–æ—Ü–∏–∏~ –≤–æ–∑–º–æ–∂–Ω–æ~ –∞–∫—Ç–∏–≤–Ω–∞—è –∞–≥—Ä–µ—Å—Å–∏—è~ –∞–∫—Ç–∏–≤–Ω–æ—Å—Ç—å~ —Å–ø–æ—Ä—Ç~ –∫—Ä–æ–≤—å~ –∂–∏–∑–Ω—å~ –±—É—Ä–ª–µ–Ω–∏–µ~ –æ–≥–æ–Ω—å~ –º–æ–∏ —â–µ–∫–∏~ —Å–∏–ª—å–Ω—ã–µ —á—É–≤—Å—Ç–≤–∞ –∏ —Ç–µ–ª–µ—Å–Ω—ã–µ –æ—â—É—â–µ–Ω–∏—è: –º–æ—Ä–æ–∑~ —Ö–æ–ª–æ–¥.,–î–ª—è –º–µ–Ω—è —ç—Ç–æ –Ω–µ–Ω–∞—Å—Ç–æ—è—â–∏–π –∫—Ä–∞—Å–Ω—ã–π~ —Ç–∞–∫–æ–≥–æ —Ü–≤–µ—Ç–∞ –±—ã–ª–∞ —Ç–∏–ø–∞ –º–æ–¥–Ω–∞—è –æ–¥–µ–∂–¥–∞. ,1,–∑–∞–ø–µ–∫—à–∞—è—Å—è –∫—Ä–æ–≤—å~ –º–æ—è –±–∞–±—É—à–∫–∞-–∞—Ä–∏—Å—Ç–æ–∫—Ä–∞—Ç–∫–∞,3,–≤—ã—Ä–≤–∏-–≥–ª–∞–∑~ –æ–ø—è—Ç—å –∫–∞–∫–∞—è-—Ç–æ –æ–¥–µ–∂–¥–∞~ –∫–æ—Ç–æ—Ä–∞—è –º–Ω–µ –Ω–µ –Ω—Ä–∞–≤–∏—Ç—Å—è,0,—Å–ø–æ—Ä—Ç–∏–≤–Ω–∞—è –æ–¥–µ–∂–¥–∞,1,–∞–∞–∞~ –ø–æ—Å–ª–µ–¥–Ω–∏–µ —Ç—Ä–∏ –¥–ª—è –º–µ–Ω—è –æ–¥–∏–Ω–∞–∫–æ–≤—ã–µ,1,—è –Ω–µ –æ—Ç–ª–∏—á–∞—é –µ–≥–æ –æ—Ç –ø—Ä–µ–¥—ã–¥—É—â–µ–≥–æ,1,—Å–ø–æ—Ä—Ç–∏–≤–Ω–∞—è –æ–¥–µ–∂–¥–∞,1,–∑–∞–ø–µ–∫—à–∞—è—Å—è –∫—Ä–æ–≤—å –∏ –º–æ—è –±–∞–±—É—à–∫–∞,3,–±–ª–∞–≥–æ—Ä–æ–¥—Å—Ç–≤–æ~ –∞—Ä–∏—Å—Ç–æ–∫—Ä–∞—Ç–∏–∑–º,3,–ø—Ä–∏—à–ª–∏—Ç–µ –º–Ω–µ —Ä–µ–∑—É–ª—å—Ç–∞—Ç—ã –ø–∂ @msshabay. –∏ –Ω–∞–ø–∏—à–∏—Ç–µ –º–µ–Ω—å—à–µ –ª–∏ –∫—Ä–∞—Å–Ω–æ–≥–æ –±—ã–ª–æ —á–µ–º –≤–æ–ø—Ä–æ—Å–æ–≤ –∏–ª–∏ —è —É–∂–µ –Ω–∏—á–µ–≥–æ –Ω–µ –≤–∏–∂—É. —Å–ø–∞—Å–∏–±–æ. —Ä–æ–∑—ã –∫–ª–∞—Å—Å~ –ª—é–±–ª—é —Ä–æ–∑—ã. –∫—Å—Ç–∞—Ç–∏~ –∫ —Ç–æ–º—É –±–ª–∞–≥–æ—Ä–æ–¥–Ω–æ–º—É –∫—Ä–∞—Å–Ω–æ–º—É –º–æ–∂–Ω–æ –¥–æ–±–∞–≤–∏—Ç—å –º–∞–º–∏–Ω—ã –æ–≥—Ä–æ–º–Ω—ã–µ –∞—Ä–æ–º–∞—Ç–Ω—ã–µ —Ä–æ–∑—ã –∏–∑ —Å–∞–¥–∞. —Å–ø–∞—Å–∏–±–æ.
28.10.2024 1:23:45,–ú—É–∂—Å–∫–æ–π,21,–Ø—Ä–∫–∏–π —Ü–≤–µ—Ç; —Ä–µ—Å–ø—É–±–ª–∏–∫–∞–Ω—Ü—ã; –∫—Ä–æ–≤—å; –º—è—Å–æ,–ú–æ—è –º–∞–π–∫–∞,3,–•–æ—Ä–æ—à–∏–π —Ü–≤–µ—Ç,5,–ù–∏–∫–∞–∫–∏—Ö,1,–ö–ª–∞—Å—Å–∏–∫–∞,5,–ü–æ-–º–æ–µ–º—É~ —Ç–∞–∫–æ–π –∂–µ~ –∫–∞–∫ –∏ –ø—Ä–µ–¥—ã–¥—É—â–∏–π ,5,–¢–æ –∂–µ —Å–∞–º–æ–µ,5,–°–∫—É—á–Ω–æ ,4,–¢–µ–º–Ω—ã–π,4,–ï—â–µ —Ç–µ–º–Ω–µ–µ ,4,–ß—Ç–æ –≤—ã –∫—É—Ä–∏–ª–∏?
28.10.2024 1:53:29,–ñ–µ–Ω—Å–∫–∏–π,22,Lady in red is dancing with me ,–†–∞–∑–¥—Ä–∞–∂–µ–Ω–∏–µ~ –≤–∏–∑–≥,2,–§–ª–∞–≥ –ö–∏—Ç–∞—è ,4,–†–æ–∑–æ–≤–∞—Ç—ã–π~ –±–∞–±–±–ª–≥–∞–º,1,–ó–∞–ø—Ä–µ—â–∞—é—â–∏–µ –∑–Ω–∞–∫–∏ –Ω–∞ –¥–æ—Ä–æ–≥–∞—Ö,4,–¢–æ—Ç –∂–µ —Ü–≤–µ—Ç~ —á—Ç–æ –∏ –ø—Ä–µ–¥—ã–¥—É—â–∏–π,4,–ê—Å—Å–æ—Ü–∏–∏—Ä—É–µ—Ç—Å—è —Å –µ–¥–æ–º~ —Å —Å–∏—Ä–æ–ø–æ–º –∫–∞–∫–∏–º-–Ω–∏–±—É–¥—å,3,–°–∞–º—ã–π –±–∞–∑–æ–≤—ã–π –∫—Ä–∞—Å–Ω—ã–π ,5,–ì–Ω–∏–ª–∞—è –≤–∏—à–Ω—è~ –∫—Ä–∞—Å–Ω—ã–µ —Ä–æ–∑—ã,2,–ö—Ä–∞—Å–Ω–æ–µ –≤–∏–Ω–æ~ –∫—Ä–∞—Å–Ω—ã–π –±–∞—Ä—Ö–∞—Ç ,3,–ü–æ–¥ –∫–æ–Ω–µ—Ü –æ–ø—Ä–æ—Å–∞ –¥—É–º–∞–ª–∞ —á—Ç–æ —Å—Ö–æ–∂—É —Å —É–º–∞ üëçüèª
28.10.2024 3:53:23,–ñ–µ–Ω—Å–∫–∏–π,20,–≠—Ç–æ —Ü–≤–µ—Ç~ –∫—Ä–æ–≤—å —Ç–∞–∫–æ–≥–æ —Ü–≤–µ—Ç–∞,–ü–æ–º–∞–¥–∞ ,1,–ö–∞–∫–∞—è-–Ω–∏–±—É–¥—å —Ñ–µ–º —Ñ–∞—Ç–∞–ª—å,3,–ù—É –Ω–µ –∫–∞–∂–¥—ã–π –æ—Ç—Ç–µ–Ω–æ–∫ –≤—ã–∑—ã–≤–∞–µ—Ç –∞—Å—Å–æ—Ü–∏–∞—Ü–∏–∏~ –ø–æ—Å–ª–µ –¥–æ–ª–≥–æ–≥–æ —Ä–∞–∑–¥—É–º—å—è –ª–µ–¥–µ–Ω–µ—Ü,3,–í–æ—Ç —ç—Ç–æ –∫—Ä–∞—Å–Ω—ã–π~ –∞—Ä—Ç–µ—Ä–∏–∞–ª—å–Ω–∞—è –∫—Ä–æ–≤—å,5,–ï–ø–∞—Ä—ç—Å—ç—Ç—ç~ –Ω–µ –∑–Ω–∞—é~ –ª–æ—Ä–µ–∞–ª—å –ø–∞—Ä–∏–∂,4,–§–ª–∞–≥ –∫–∞–∫–æ–π-–Ω–∏–±—É–¥—å,5,–ê —É –≤–∞—Å —Ä–µ–∞–ª—å–Ω–æ –Ω–∞ –≤—Å—ë –∞—Å—Å–æ—Ü–∏–∞—Ü–∏–∏ –µ—Å—Ç—å? –ù—É –ø—É—Å—Ç—å –±—É–¥—É—Ç –Ω–æ–≥–æ—Ç–æ—á–∫–∏,5,–û—Å–µ–Ω—å~ —Ç–µ—Ä—Ä–∞–∫–æ—Ç–æ–≤–∞—è –∞—Ä–º–∏—è~ —Ö–æ—Ç—å —É –Ω–∏—Ö –∏ –¥—Ä—É–≥–æ–π —Ü–≤–µ—Ç,1,–í–∞–º–ø–∏—Ä—ã~ –≤–µ–¥—å–º—ã,2,–ù—É –≤—ã –∫–æ–Ω–µ—á–Ω–æ –æ—Ä–∏–≥–∏–Ω–∞–ª—ã
28.10.2024 8:32:56,–ñ–µ–Ω—Å–∫–∏–π,21,–ö—Ä–æ–≤—å~ –æ–ø–∞—Å–Ω–æ—Å—Ç—å,–ê–ª—ã–µ –ø–∞—Ä—É—Å–∞,4,–¶–≤–µ—Ç –∫–æ—Ä–æ–ª–µ–≤—Å–∫–æ–π –º–∞–Ω—Ç–∏–∏~ –ø–æ–º–∏–¥–æ—Ä—ã,2,–ú–∞–ª–∏–Ω–∞,1,–¢–æ—Ç —Å–∞–º—ã–π –∫—Ä–∞—Å–Ω—ã–π,5,–ê–ª—ã–µ –ø–∞—Ä—É—Å–∞,4,–ú–∞–ª–∏–Ω–∞,4,–¢–æ—Ç —Å–∞–º—ã–π –∫—Ä–∞—Å–Ω—ã–π,5,–ö–∏—Ä–ø–∏—á~ –ø–æ–º–∏–¥–æ—Ä,1,–ö–∏—Ä–ø–∏—á,1,
28.10.2024 10:45:19,–ñ–µ–Ω—Å–∫–∏–π,19,–æ–ø–∞—Å–Ω–æ—Å—Ç—å~ –∫—Ä–∞—Å–æ—Ç–∞~ —Ç—Ä–µ–≤–æ–≥–∞,–±—É–º–∞–≥–∞~ –±–ª–µ–¥–Ω—ã–π~ –°–°–°–† ,3,–ø–æ–º–∞–¥–∞~ –∫—Ä–æ–≤—å ,4,–±–æ–ª—å—à–µ –≤ —Ä–æ–∑–æ–≤—ã–π —É—Ö–æ–¥–∏—Ç ,1,–ø—Ä—è–º –∫—Ä–∞—Å–Ω—ã–π –∫—Ä–∞—Å–Ω—ã–π,5,—Ç–∞–∫–æ–µ –æ—â—É—â–µ–Ω–∏–µ –±—É–¥—Ç–æ –æ–Ω –Ω–µ –æ—Ç–ª–∏—á–∞–µ—Ç—Å—è –æ—Ç –ø—Ä–µ–¥—ã–¥—É—â–µ–≥–æ –∫—Ä–∞—Å–Ω–æ–≥–æ,5,–∑–∞–∫–∞—Ç ,4,–ü–æ–º–∏–¥–æ—Ä ,4,–û–¥–µ–∂–¥–∞~ –æ—Å–µ–Ω—å ,3,–Ω–µ –æ—Ç–ª–∏—á–∞–µ—Ç—Å—è –æ—Ç –ø—Ä–µ–¥—ã–¥—É—â–µ–≥–æ ,2,–°–ª–∏—à–∫–æ–º –º–Ω–æ–≥–æ –ø–æ—Ö–æ–∂–∏—Ö –æ—Ç—Ç–µ–Ω–∫–æ–≤ –∫—Ä–∞—Å–Ω–æ–≥–æ
29.10.2024 0:37:34,–ñ–µ–Ω—Å–∫–∏–π,18,–°—Ç—Ä–∞—Å—Ç—å~ –∫—Ä–æ–≤—å~ –∫–ª—É–±–Ω–∏—á–∫–∞~ –º–∞–∫,–¶–≤–µ—Ç —Ç–æ–º–∞—Ç–Ω–æ–≥–æ —Å—É–ø—á–∏–∫–∞,2,–í–æ—Ç —ç—Ç–æ –≤–æ—Ç —Ç–æ —á—Ç–æ –Ω—É–∂–Ω–æ —ç—Ç–æ –º–æ–π –∫—Ä–∞—Å–Ω—ã–π –æ–Ω –≤–∫—É—Å–Ω—ã–π –æ–Ω —Å–æ—á–Ω—ã–π –æ–Ω –ø–∞—Ö–Ω–µ—Ç –≤–∏—à–µ–Ω–∫–æ–π –∏ –∫—Ä–∞—Å–Ω–æ–π –ø–æ–º–∞–¥–æ–π,5,–ù—É –æ–Ω —Ç–∞–∫–æ–π —Å —Ä–æ–∑–æ–≤–∏–Ω–∫–æ–π. –ö–∞–∫ –ø–æ–º–∏–¥–æ—Ä–∫–∏ –Ω–µ–∫–æ—Ç–æ—Ä—ã–µ. –û–Ω —Å–ª–∞–¥–µ–Ω—å–∫–æ –ø–∞—Ö–Ω–µ—Ç~ –∞ –Ω–∞ –≤–∫—É—Å —Å–ª–µ–≥–∫–∞ –∫–∏—Å–ª–æ–≤–∞—Ç—ã–π ,1,–ò–¥–µ–∞–ª—å–Ω—ã–π —á–∏—Å—Ç—ã–π –∫—Ä–∞—Å–Ω—ã–π. –ù–æ —è –Ω–µ —Ñ–∞–Ω–∞—Ç –≤—Å–µ–≥–æ –∏–¥–µ–∞–ª—å–Ω–æ–≥–æ. –ù–æ –æ–Ω –±–µ–∑—É—Å–ª–æ–≤–Ω–æ —Ö–æ—Ä–æ—à. –¢–∞–∫–æ–π –ø—Ä—è–º~ –∫–∞–∫ –∫–æ–≥–¥–∞ –≤ –ø–∞–ª–∏—Ç—Ä–µ –ø—ã—Ç–∞–µ—à—å—Å—è –Ω–∞—Å—Ç—Ä–æ–∏—Ç—å –∫–∏—Å—Ç—å –Ω–∞ —Å–∞–º—ã–π –∫—Ä–∞—Å–Ω—ã–π —Ü–≤–µ—Ç,5,–û–Ω –∂–µ —Ç–∞–∫–æ–π –∂–µ –∫–∞–∫ –ø—Ä–æ—à–ª—ã–π... ,5,–≠—Ç–æ –∫–∞–∫ —Ç–æ—Ç –Ω–æ —Å —Ä–æ–∑–æ–≤–∏–Ω–∫–æ–π –ª–µ–≥–µ–Ω—å–∫–æ–π ,4,–ó–∞—á–µ–º –≤—ã –º–Ω–µ —Ç—Ä–µ—Ç–∏–π —Ä–∞–∑ –æ–¥–∏–Ω –∏ —Ç–æ—Ç –∂–µ —Ü–≤–µ—Ç –¥–∞–µ—Ç–µ —Ä–µ–±—è—Ç–∫–∏... ,5,–í–∫—É—Å–Ω—ã–π –∫—Ä–∞—Å–Ω—ã–π. –ü–æ—á—Ç–∏ –¥–æ—Ä–æ–≥–æ–π –∫—Ä–∞—Å–Ω—ã–π. –≠—Ç–æ —Å—Ç—Ä–∞—Å—Ç—å –∏ —à–µ–ª–∫–æ–≤–æ–µ –ø–æ—Å—Ç–µ–ª—å–Ω–æ–µ –±–µ–ª—å–µ ,5,–≠—Ç–æ –∂–µ —Ü–≤–µ—Ç –∫—Ä–∞—Å–Ω–æ–π –ø—Ç–∏—á–∫–∏ –∏–∑ angry birds,5,–ö—Ä—É—Ç–æ–π —Ç–µ—Å—Ç –¥–µ–ª–∞–π—Ç–µ –∏—â–æ!!! 
29.10.2024 1:15:49,–ñ–µ–Ω—Å–∫–∏–π,18,–≤–∏–Ω–∏—à–∫–æ~ –∫—Ä–æ–≤—å~ –±–∞—Ä—Ö–∞—Ç~ –º–∞–∫–∏,–∞—Ä—Ç–µ—Ä–∏–∞–ª—å–Ω–æ–µ –∫—Ä–æ–≤–æ—Ç–µ—á–µ–Ω–∏–µ ,5,–≤–µ–Ω–æ–∑–Ω–æ–µ –∫—Ä–æ–≤–æ—Ç–µ—á–µ–Ω–∏–µ ,3,–±–æ–ª—å–Ω–æ –≥–ª–∞–∑–∏–∫–∞–º~ –Ω–µ–ø—Ä–∏—è—Ç–Ω—ã–π –∫—Ä–∞—Å–Ω—ã–π ,5,–∫—Ä–∞—Å–Ω—ã–π –∫–æ–≤—Ä–æ–≤–æ–π –¥–æ—Ä–æ–∂–∫–∏ ,5,—è—Ä–∫–∏–π~ –Ω–æ –Ω–µ –±–æ–ª—å–Ω–æ –≥–ª–∞–∑–∏–∫–∏,5,–±–æ–≥–∞—Ç—ã–π –∫—Ä–∞—Å–Ω—ã–π,5,–æ–±—ã—á–Ω—ã–π –∫—Ä–∞—Å–Ω—ã–π,5,–∫—Ä–∞—Å–Ω—ã–π –∑–∞–ø–µ–∫—à–µ–π—Å—è –∫—Ä–æ–≤–∏ –∏ –∫—Ä–∞—Å–Ω—ã–π –≤–∏–Ω–∞,3,–∫—Ä–∞—Å–Ω—ã–π –±–∞—Ä—Ö–∞—Ç (–Ω–µ —Ç–æ—Ä—Ç),4,–≤—Å—ë —Ä–∞–≤–Ω–æ –∂–µ–ª—Ç–æ-–∑–µ–ª–µ–Ω—ã–π ‚Äî –ª—É—á—à–∏–π —Ü–≤–µ—Ç. –∞ –≤–æ–æ–±—â–µ~ –æ—á–µ–Ω—å –∫—Ä—É—Ç–æ –∏ –∏–Ω—Ç–µ—Ä–µ—Å–Ω–æ~ —á—Ç–æ –µ—Å—Ç—å –∫–∞–∫–∏–µ-—Ç–æ –∞—Å—Å–æ—Ü–∏–∞—Ü–∏–∏ –Ω–∞ —Å–∞–º–æ–º –¥–µ–ª–µ
29.10.2024 11:10:49,–ñ–µ–Ω—Å–∫–∏–π,21,–°—Ç—Ä–∞—Å—Ç—å~ –∏–Ω–¥–∏–≤–∏–¥—É–∞–ª—å–Ω–æ—Å—Ç—å,–ö–æ–ª—Ö–æ–∑–Ω—ã–π –∫—Ä–∞—Å–Ω—ã–π,2,–ì–ª—É–±–æ–∫–∏–π –æ—Ç—Ç–µ–Ω–æ–∫~ —Å–æ—á–Ω–∞—è –≤–∏—à–Ω—è,5,–û—Ç—Ç–µ–Ω–æ–∫ –¥–ª—è –æ—Ç–ø—É—Å–∫–∞~ –∫—Ä–∞—Å–Ω—ã–π –¥–ª—è –±–ª–æ–Ω–¥–∏–Ω–æ–∫,1,–ö–ª–∞—Å—Å–∏—á–µ—Å–∫–∏–π —è—Ä–∫–∏–π –∫—Ä–∞—Å–Ω—ã–π~ –±–∞–∑–æ–≤—ã–π —Ü–≤–µ—Ç,5,–†–∞–∑–¥—Ä–∞–∂–∞—é—â–∏–π –∫—Ä–∞—Å–Ω—ã–π~ –∑–ª–æ–π –±—Ä–∞—Ç-–±–ª–∏–∑–Ω–µ—Ü –∫–ª–∞—Å—Å–∏—á–µ—Å–∫–æ–≥–æ —Ü–≤–µ—Ç–∞,4,–¶–≤–µ—Ç –≥—É–±–Ω–æ–π –ø–æ–º–∞–¥—ã~ —Ö–æ–ª–æ–¥–Ω—ã–π –¥–æ—Ä–æ–≥–æ–π –æ—Ç—Ç–µ–Ω–æ–∫,5,–ö—Ä–∞—Å–Ω—ã–π –¥–ª—è –Ω–æ–≥—Ç–µ–π –Ω–∞ –ù–æ–≤—ã–π –≥–æ–¥ ,5,–ö–∏—Ä–ø–∏—á–Ω—ã–π –æ—Ç—Ç–µ–Ω–æ–∫~ –∫–∞–∫ –∑–¥–∞–Ω–∏—è –≤ –ë—Ä—É–∫–ª–∏–Ω–µ,0,–û—Ç—Ç–µ–Ω–æ–∫ –æ—Å–µ–Ω–Ω–∏—Ö –ª–∏—Å—Ç—å–µ–≤~ –º–æ–¥–Ω—ã–π —Ü–≤–µ—Ç –≤ –æ–¥–µ–∂–¥–µ ,1,
29.10.2024 11:18:08,–ñ–µ–Ω—Å–∫–∏–π,18,–õ—é–±–æ–≤—å~ —Å—Ç—Ä–∞—Å—Ç—å,—É—Ç—Ä–µ–Ω–Ω–∏–π —Ä–∞—Å—Å–≤–µ—Ç ,2,—Ü–≤–µ—Ç –≥—É–±–Ω–æ–π –ø–æ–º–∞–¥—ã ,5,—Å–ª–∞–¥–∫–∞—è –≤–∞—Ç–∞,4,—Å—Ç–æ–ø —Å–∏–≥–Ω–∞–ª ,5,–ª—É–∂–∞ –∫—Ä–æ–≤–∏,5,—á–∞—Ä–ª–∏ –∏ —à–æ–∫–æ–ª–∞–¥–Ω–∞—è —Ñ–∞–±—Ä–∏–∫–∞,4,–∫—Ä—ã—à–∏ –¥–æ–º–æ–≤,5,–æ—Å–µ–Ω—å~ –ø–∞–ª—å—Ç–æ ,4,–≤–∫—É—Å –≤–∏—à–Ω–∏ ,3,
29.10.2024 12:21:39,–ú—É–∂—Å–∫–æ–π,18,–∫–æ–º–º—É–Ω–∏–∑–º~ —Å–≤–µ—Ç–æ—Ñ–æ—Ä~ –∫—Ä–æ–≤—å~ –æ–ø–∞—Å–Ω–æ—Å—Ç—å~ –Ω–∞—Å—Ç–æ—Ä–æ–∂–µ–Ω–Ω–æ—Å—Ç—å,—Å–∞–π—Ç —Å –ø–ª–æ—Ö–æ –ø–æ–¥–æ–±—Ä–∞–Ω–Ω–æ–π —Ü–≤–µ—Ç–æ–≤–æ–π –≥–∞–º–º–æ–π~ –∫–∏—Ç–∞–π—Å–∫–∞—è –Ω–µ–∫–∞—á–µ—Å—Ç–≤–µ–Ω–Ω–∞—è –∫—Ä–∞—Å–∫–∞~ –≤—ã–∑—ã–≤–∞–µ—Ç –æ—á–µ–Ω—å –º–∞–ª–æ –∞—Å—Å–æ—Ü–∏–∞—Ü–∏–π –Ω–∞ —Å–∞–º–æ–º –¥–µ–ª–µ...,3,–°–°–°–†~ "—É–∫–∞–∑–∞–Ω—ã –Ω–µ–≤–µ—Ä–Ω—ã–µ –¥–∞–Ω–Ω—ã–µ"~ —Å–∞–π—Ç —É—Ä–∞–ª—å—Å–∫–∏—Ö –∞–≤–∏–∞–ª–∏–Ω–∏–π,4,–∫–∞–∫–æ–π-—Ç–æ –º—É–ª—å—Ç—Ñ–∏–ª—å–º~ –¥–µ—Ç—Å–∫–∞—è –∞–Ω–∏–º–∞—Ü–∏—è,1,—Å–≤–µ—Ç–æ–¥–∏–æ–¥–Ω—ã–π —Å–≤–µ—Ç–æ—Ñ–æ—Ä~ RGB –≥–¥–µ R –≤—ã–∫—Ä—É—á–µ–Ω –Ω–∞ –º–∞–∫—Å–∏–º—É–º –∞ –æ—Å—Ç–∞–ª—å–Ω—ã–µ —Ü–≤–µ—Ç–∞ –Ω–∞ –º–∏–Ω–∏–º—É–º,5,–µ—â–µ –æ–¥–∏–Ω –æ—á–µ–Ω—å –∫—Ä–∞—Å–Ω—ã–π —Ü–≤–µ—Ç~ –∏–º–µ–Ω–Ω–æ –∫–æ–º–ø—å—é—Ç–µ—Ä–Ω—ã–π –æ—Ç—Ç–µ–Ω–æ–∫~ –º–∞–∫—Å–∏–º–∞–ª—å–Ω–æ –∫—Ä–∞—Å–Ω—ã–π RGB–π,5,–º—É–ª—å—Ç–∏–ø–ª–∏–∫–∞—Ü–∏—è~ –¥–µ—à–µ–≤—ã–π "–∫—Ä–∞—Å–Ω—ã–π" —Ñ–ª–æ–º–∞—Å—Ç–µ—Ä,4,—Å–Ω–æ–≤–∞ –†–ì–ë –Ω–∞ –º–∞–∫—Å–∏–º—É–º –≤—ã–∫—Ä—É—Ç–∏–ª–∏ –∫—Ä–∞—Å–Ω—ã–π,5,–≤—Ä–æ–¥–µ —Å—Å—Å—Ä –Ω–æ –∫–∞–∫–æ–π-—Ç–æ –±–æ–ª–µ–µ —Ç–µ–º–Ω—ã–π... —Å–≤–µ—Ä–Ω—É–≤—à–∞—è—Å—è –∫—Ä–æ–≤—å,2,–∫–∞—Ä–∞–Ω–¥–∞—à –∏–∑ –º–æ–µ–≥–æ –¥–µ—Ç—Å–∫–æ–≥–æ –Ω–∞–±–æ—Ä–∞ –∫–æ—Ç–æ—Ä—ã–π —è –ø–æ—Å—Ç–æ—è–Ω–Ω–æ –ø—É—Ç–∞–ª —Å –∫—Ä–∞—Å–Ω—ã–º~ –≤–∏–Ω–æ,3,–±–ª–∏–Ω –æ—á–µ–Ω—å –∏–Ω—Ç–µ—Ä–µ—Å–Ω–æ~ –≤—ã –ø–æ–≤—Ç–æ—Ä—è–ª–∏ –æ–¥–Ω–∏ –∏ —Ç–µ –∂–µ —Ü–≤–µ—Ç–∞? —Ö–º
29.10.2024 13:58:08,–ú—É–∂—Å–∫–æ–π,54,–ö—Ä–∞—Å–Ω—ã–π - —ç—Ç–æ —Ü–≤–µ—Ç.  —Ñ–ª–∞–≥ —Å—Å—Å—Ä~ —Å–≤–µ—Ç–æ—Ñ–æ—Ä,–∞—Å—Å–æ—Ü–∏–∞—Ü–∏–∏: —á—Ç–æ-—Ç–æ –ø—Ä–æ –æ–¥–µ–∂–¥—É~ —Ç–µ–ø–ª—ã–π –≤—è–∑–∞–Ω—ã–π —Å–≤–∏—Ç–µ—Ä; –Ω–µ–º–Ω–æ–≥–æ –ø–æ—Ö–æ–∂ –Ω–∞ –ø–∏–æ–Ω–µ—Ä—Å–∫–∏–π –≥–∞–ª—Å—Ç—É–∫~ –∫–æ—Ç–æ—Ä—ã–π —è –Ω–æ—Å–∏–ª,1,–Ω–µ–º–Ω–æ–≥–æ —Ä–∂–∞–≤—ã–π~ –Ω–µ–º–Ω–æ–≥–æ –º–∞–ª–∏–Ω–æ–≤—ã–π,3,—Ñ—Ä—É–∫—Ç–æ–≤–∞—è –∂–≤–∞—á–∫–∞,0,—Ü–≤–µ—Ç–Ω–∞—è –±—É–º–∞–≥–∞ –¥–ª—è –∞–ø–ª–∏–∫–∞—Ü–∏–π ,1,—Å–ø–æ—Ä—Ç–∏–≤–Ω–∞—è —Ñ—É—Ç–±–æ–ª–∫–∞,2,—Å—É–ø—Ä–µ–º–∞—Ç–∏–∑–º,3,–∫–∞—Ñ–µ–ª—å–Ω–∞—è –ø–ª–∏—Ç–∫–∞~ –º–æ–∑–∞–∏—á–Ω–∞—è –æ—Ç–¥–µ–ª–∫–∞ –≤ –≤–∞–Ω–Ω–æ–π –∫–æ–º–Ω–∞—Ç–µ,3,–Ω–æ–≤–∞—è –º–∞—à–∏–Ω–∞~ –º–æ—Ä–æ–∑ –∫—Ä–∞—Å–Ω—ã–π –Ω–æ—Å,4,–∫—Ä–∞—Å–Ω–æ–µ —è–±–ª–æ–∫–æ~ –∫—Ä–∞—Å–Ω—ã–π –∞–ø–µ–ª—å—Å–∏–Ω,5,
29.10.2024 21:31:29,–ñ–µ–Ω—Å–∫–∏–π,17,–†–µ–¥ —Ñ–ª–∞–≥,–ú–æ–π —Å–≤–∏—Ç–µ—Ä –≤ 8 –∫–ª–∞—Å—Å–µ~ —Ä—ã–∂–∞—è –≤–µ—Ç–∫–∞ –º–µ—Ç—Ä–æ,2,–í–µ—á–µ—Ä–Ω–µ–µ –ø–ª–∞—Ç—å–µ~ –≤–∏–Ω–æ,4,–õ–µ—Ç–æ~ –∫–ª–∞—Å—Å–Ω—ã–π –º—é–∑–∏–∫–ª,1,–†–µ–¥ —Ñ–ª–∞–≥~ –ª–µ–¥–∏ –±–∞–≥,5,–†–µ–¥ —Ñ–ª–∞–≥~ –ª–µ–¥–∏ –±–∞–≥,5,–õ–µ–¥–∏ –±–∞–≥~ —é—Ç—É–±,5,–õ–µ–¥–∏ –±–∞–≥~ —Ä–µ–¥ —Ñ–ª–∞–≥,5,–í–∏–Ω–æ~ –≤–µ—á–µ—Ä–Ω–µ–µ –ø–ª–∞—Ç—å–µ,4,–†—è–±–∏–Ω–∞~ –≤–∏–Ω–æ,4,
29.10.2024 22:28:26,–ñ–µ–Ω—Å–∫–∏–π,18,–∫—Ä–∞—Å–Ω—ã–π –∞—Å—Å–æ—Ü–∏–∏—Ä—É–µ—Ç—Å—è —Å –∫—Ä–æ–≤—å—é~ —Å —Ü–∞—Ä—Å—Ç–≤–µ–Ω–Ω–æ—Å—Ç—å—é –∏ —Å –∞–≥—Ä–µ—Å—Å–∏–µ–π,—ç—Ç–æ —Ü–≤–µ—Ç –∑–∞–∫–∞—Ç–Ω–æ–≥–æ —Å–æ–ª–Ω—Ü–∞ ,0,–ø–æ—Ö–æ–∂–µ –Ω–∞ –æ—Ç—Ç–µ–Ω–æ–∫ –ø–æ–º–∞–¥—ã~ –Ω–æ —è –±—ã –Ω–∞–∑–≤–∞–ª–∞ —ç—Ç–æ –±–æ—Ä–¥–æ–≤—ã–º,4,—ç—Ç–æ –∫—Ä–∞—Å–Ω—ã–π —Å –æ—Ç—Ç–µ–Ω–∫–∞–º–∏ —Ä–æ–∑–æ–≤–æ–≥–æ~ –ø–æ—Ö–æ–∂ –Ω–∞ —Ü–≤–µ—Ç —Ä–æ–∑—ã,1,—ç—Ç–æ —è –ø—Ä–µ–¥—Å—Ç–∞–≤–ª—è—é~ –∫–æ–≥–¥–∞ –º–Ω–µ –≥–æ–≤–æ—Ä—è—Ç –∫—Ä–∞—Å–Ω—ã–π,5,—Ç–∞–∫–æ–π –∂–µ~ –∫–∞–∫ –∏ –ø—Ä–µ–¥—ã–¥—É—â–∏–π. –Ω–æ —Ü–≤–µ—Ç –∫–∞–∂–µ—Ç—Å—è —Å–∫—É—á–Ω—ã–º ,5,–±–ª–∞–≥–æ—Ä–æ–¥–Ω—ã–π –∫—Ä–∞—Å–Ω—ã–π —Ü–≤–µ—Ç~ –±–æ–ª–µ–µ –≥–ª—É–±–æ–∫–∏–π~ —á–µ–º –ø—Ä–µ–¥—ã–¥—É—â–∏–π ,4,—Å–∫—É—á–Ω—ã–π –∏ –ø–ª–æ—Å–∫–∏–π –∫—Ä–∞—Å–Ω—ã–π,5,–ø—Ä–∏—è—Ç–Ω—ã–π –∏ –Ω–µ –≤—ã–∑—ã–≤–∞—é—â–∏–π —Ü–≤–µ—Ç,2,–ø—Ä–∏—è—Ç–Ω—ã–π~ –Ω–µ–±—Ä–æ—Å–∫–∏–π –∏ –≥–ª—É–±–æ–∫–∏–π,4,–Ω–µ –ª—é–±–ª—é –∫—Ä–∞—Å–Ω—ã–π —Ü–≤–µ—Ç~ –Ω–æ –ø–æ–Ω—Ä–∞–≤–∏–ª–æ—Å—å))
29.10.2024 22:31:52,–ñ–µ–Ω—Å–∫–∏–π,55,–§–ª–∞–≥~ –∫—Ä–æ–≤—å~ –∑–∞—Ä—è~ –∑–∞–∫–∞—Ç~ —Å–µ—Ä–¥—Ü–µ~ –ª—é–±–æ–≤—å~ –í–∞–ª–µ–Ω—Ç–∏–Ω–∫–∞~ –∑–≤—ë–∑–¥—ã~ —Ä—É–±–∏–Ω~ –≥—Ä–∞–Ω–∞—Ç ,–ú–æ—Ä–∫–æ–≤—å~ –∫–∞–ª–∏–Ω–∞~ –Ω–µ—Å–ø–µ–ª–∞—è –∑–µ–º–ª—è–Ω–∏–∫–∞,2,–í–∏–Ω–æ~ –ø—É–Ω—à~ —Ö—ç–ª–ª–æ—É–∏–Ω~ –≤ –±–∞–≥—Ä–µ—Ü –æ–¥–µ—Ç—ã–µ –ª–µ—Å–∞,2,–ú–∞–ª–∏–Ω–∞~ –≤–∞—Ä–µ–Ω—å–µ~ –∫–∞—Ä–∞–º–µ–ª—å–∫–∞~ –∫–æ—Å—ã–Ω–∫–∞,1,–ü–∞–ª—å—Ç–æ~ –ª—é–±–æ–≤—å~ —Å–∏—è–Ω–∏–µ,5,–ú–æ–π –ª—é–±–∏–º—ã–π~ —Ç—ë–ø–ª—ã–π,5,–°–ª–∞–¥–∫–æ–µ~ –ª–∏–ø–∫–æ–µ~ –≤–µ—Å—ë–ª–æ–µ,3,–ó–ª–æ—Å—Ç—å~ –∑–Ω–æ–π~ –ª–µ—Ç–æ~ –∂–∞—Ä–∞,5,–ú—è—Å–æ~ –∫—Ä–æ–≤—å~ —Å–º–µ—Ä—Ç–µ–ª—å–Ω–æ,1,–ó–ª–æ—Å—Ç—å~ –≥–Ω–µ–≤~ —è—Ä–æ—Å—Ç—å,1,–°–∏–ª—å–Ω–æ–µ —Ä–∞–∑–¥—Ä–∞–∂–µ–Ω–∏–µ –∏ –∑–ª–æ—Å—Ç—å~ –ø–æ–¥ –∫–æ–Ω–µ—Ü —É—Å—Ç–∞–ª–∞ —Å—Ä–∞–≤–Ω–∏–≤–∞—Ç—å –∏ –æ—Ç–≤–µ—á–∞—Ç—å
29.10.2024 22:34:45,–ú—É–∂—Å–∫–æ–π,17,–ö—Ä–∞—Å–Ω—ã–π –≤—ã–∑—ã–≤–∞–µ—Ç —è—Ä–æ—Å—Ç—å —É –±—ã–∫–æ–≤~ –ø–æ—Ö–æ–∂ –Ω–∞ –∫—Ä–æ–≤—å~ –∏–∑ —ç—Ç–æ–≥–æ –º–æ–∂–Ω–æ~ —Å–∫–∞–∑–∞—Ç—å~  —á—Ç–æ –∫—Ä–∞—Å–Ω—ã–π - —ç—Ç–æ —è—Ä–æ—Å—Ç—å~ –∑–ª–æ—Å—Ç—å~ –æ–¥–Ω–∞–∫–æ –∫—Ä–∞—Å–Ω—ã–π- —ç—Ç–æ —Ü–≤–µ—Ç –∫—Ä–µ–º–ª—è~ –∑–µ–º–ª–∏ –Ω–∞ —Ä—É—Å—Å–∫–æ–º —Ñ–ª–∞–≥–µ~ —Ç–∞–∫ —á—Ç–æ –æ–Ω –µ—â–µ –∏ –≤—ã–∑—ã–≤–∞–µ—Ç —á—É–≤—Å—Ç–≤–æ –∑–∞—â–∏—Ç—ã~  –±–ª–∏–∑–æ—Å—Ç—å –∫ –∑–µ–º–æ–µ ,–†–∞–∑–¥—Ä–∞–∂–µ–Ω–∏–µ~ –Ω–µ –º–æ–≥—É —è –¥–æ–ª–≥–æ –≤–≥–ª—è–¥—ã–≤–∞—Ç—å—Å—è –≤ —Ü–≤–µ—Ç–∞. –û—Ç –æ–¥–Ω–æ–≥–æ —Ö—É–¥–æ–∂–Ω–∏–∫–∞~ –∞ —Ç–æ—á–Ω–µ–µ~ –µ–≥–æ —á—ë—Ä–Ω–æ–≥–æ –∫–≤–∞–¥—Ä–∞—Ç–∞ –≤–æ–æ–±—â–µ —Ç–∏–∫,4,–ö—Ä–æ–≤—å~ —Å–ø–æ–∫–æ–π–Ω–æ –∏ —É–º–∏—Ä–æ—Ç–≤–æ—Ä–µ–Ω–∏–µ ,5,–ü–æ–ª—å—à–∞,0,–ú—è–≥–∫–æ—Å—Ç—å,0,–û—à—É—â–µ–Ω–∏–µ~ —á—Ç–æ –æ—Ç–ª–∏—á–∏–π –ø–æ—á—Ç–∏ –Ω–µ—Ç~ –ø–æ–ª—å—à–∞ + –Ω–µ–Ω–∞–≤–∏—Å—Ç—å ,0,–ü–æ–ª—å—à–∞ + –Ω–µ–¥–æ—É–º–µ–Ω–∏–µ,0,Kurwa B√≥br,0,–û~ —Å–Ω–æ–≤–∞ –∫—Ä–æ–≤—å,5,–ú–≥~ –∫—Ä–µ–º–ª—å –∏ –∑–∞—â–∏—Ç–∞,5,–Ø –¥–∞–ª—å—Ç–æ–Ω–∏–∫~ –¥–ª—è –º–µ–Ω—è –±—ã–ª–æ –¥–≤–∞ —Ü–≤–µ—Ç–∞: –±–∞–≥—Ä–æ–≤—ã–π –∏ –ø–æ–ª—å—à–∞ 
29.10.2024 22:43:46,–ñ–µ–Ω—Å–∫–∏–π,48,–ö—Ä–æ–≤—å~ –∑–Ω–∞–º—è~ –∫—Ä–∞—Å–∏–≤–æ–µ~ —Å–æ–ª–Ω—ã—à–∫–æ,–ü–∏–æ–Ω–µ—Ä—Å–∫–∏–π –≥–∞–ª—Å—Ç—É–∫,2,–°–µ—Ä–¥—Ü–µ~ –∫—Ä–æ–≤—å~ –∫–æ–∫—Ç–µ–π–ª—å–Ω–æ–µ –ø–ª–∞—Ç—å–µ,5,–ú–∞–ª–∏–Ω–∞,1,–ê—Ä—Ç–µ—Ä–∏–∞–ª—å–Ω–∞—è –∫—Ä–æ–≤—å,4,–ì–ª–∞–¥–∏–æ–ª—É—Å,3,–ú–∞–ª–∏–Ω–æ–≤–æ–µ –≤–∏–Ω–æ,3,–°–≤–µ—Ç–æ—Ñ–æ—Ä ,4,–ë–æ—Ä–¥–æ –≤–∏–Ω–æ,3,–ú–æ–∏ –∫–µ–¥—ã,5,–°–æ–≤—Å–µ–º –Ω–µ –∑–Ω–∞—é –∫—Ä–∞—Å–Ω—ã–π)
29.10.2024 22:44:02,–ú—É–∂—Å–∫–æ–π,16,–ö—Ä–∞—Å–Ω—ã–π - –∫—Ä–∞—Å–∏–≤—ã–π,–ê–ª—ã–π ,2,–ö—Ä–æ–≤—å~ –±—É—Ä—ã–π —Ü–≤–µ—Ç ,4,–ë–∞—Ä–±–∏,0,–ö–∞–∫–∏–µ-—Ç–æ –Ω–∞—Ä–æ–¥–Ω—ã–µ —É–∑–æ—Ä—ã~ —Ö–æ—Ö–ª–æ–º–∞,5,–ù–µ –≤–∏–∂—É –æ—Ç–ª–∏—á–∏–π –æ—Ç –ø—Ä–µ–¥—ã–¥—É—â–µ–≥–æ ,4,–í–æ—Å–∫–æ–≤–æ–π –º–µ–ª–æ–∫ ,2,–û—á–∫–Ω—å –ø–æ—Ö–æ–∂ –Ω–∞ –ø—Ä–µ–¥–ø—Ä–µ–¥—ã–¥—É—â–∏–µ ,4,–ö—Ä–æ–≤—å~ –∫—Ä–∞—Å–Ω–∞—è —Ç–∫–∞–Ω—å ,4,–ö—Ä–∞—Å–Ω–∞—è –ø–ª–æ—â–∞–¥—å ,4,–°–ª–æ–∂–Ω–æ. –¢–æ—á–Ω–æ –±—ã–ª–æ –Ω–µ—Å–∫–æ–ª—å–∫–æ –æ–¥–∏–Ω–∞–∫–æ–≤—ã—Ö —Ü–≤–µ—Ç–æ–≤ 
29.10.2024 22:44:49,–ñ–µ–Ω—Å–∫–∏–π,43,–ö—É–º–∞—á–æ–≤—ã–π~ –º–∞–∫–∏~ –∫—Ä–æ–≤—å~ –∑–Ω–∞–º—è,–î–µ–≤–∏—Ü–∞~ —é–Ω–æ—Å—Ç—å~ —Ä—É–º—è–Ω–µ—Ü,3,–í–µ–Ω–æ–∑–Ω–∞—è –∫—Ä–æ–≤—å~ –≤–∏—à–Ω—è~ –∂–µ–ª–µ,1,–ê–ª—ã–π~ –†–æ–∑–∞~ —è—Ä–∫–∏–π,2,–ö–ª–∞—Å—Å–∏–∫~ —Å—Ç—Ä–æ–≥–æ~ —Ç–æ—á–Ω–æ,4,–ú–∞—Ç–æ–≤—ã–π~ —Å–ø–æ–∫–æ–π–Ω–µ–π,4,–ú–∞–ª–∏–Ω–∞~ —è–≥–æ–¥–∞~ —Å–æ—á–Ω—ã–π,3,–†–æ–∑–∞~ —Å–æ–∫,4,–ì—Ä–æ–±~ —Ç—Ä–∞—É—Ä~ —Å—Ç–∞—Ä–æ—Å—Ç—å,0,–ì–ª—É–±–æ–∫–∏–π~ —Ç–≤—ë—Ä–¥—ã–π,2,
29.10.2024 22:48:45,–ñ–µ–Ω—Å–∫–∏–π,37,–ö—Ä–æ–≤—å –≤–æ–π–Ω–∞,–§—É—Ç–±–æ–ª–∫–∞ –∫–∏—Ç–∞–π,2,–ö—Ä–æ–≤—å ,5,–†–æ–∑—ã,0,–ö–æ–º–ø –∏–≥—Ä–∞ —Ä–µ–∫–ª–∞–º–∞ ,2,–†–µ–∫–ª–∞–º–∞ –∫–µ–ø–∫–∞ ,3,–¶–≤–µ—Ç—ã ,1,–ö–∞–∂–µ—Ç—Å—è –ø–æ–≤—Ç–æ—Ä—è–µ—Ç—Å—è )) –Ω–µ –∫—Ä–∞—Å–Ω—ã–π.  –¶–≤–µ—Ç—ã,1,–ö—Ä–æ–≤—å ,4,–¢–∞–∫–æ–π –∂–µ. ,4,
29.10.2024 22:54:39,–ñ–µ–Ω—Å–∫–∏–π,17,–ö—Ä–∞—Å–Ω—ã–π ‚Äî –æ–¥–∏–Ω –∏–∑ —Å–∞–º—ã—Ö —è—Ä–∫–∏—Ö —Ü–≤–µ—Ç–æ–≤~ –∏ –Ω–∞—à –≤–∑–≥–ª—è–¥ —á–∞—Å—Ç–æ –Ω–µ–ø—Ä–æ–∏–∑–≤–æ–ª—å–Ω–æ –æ—Å—Ç–∞–Ω–∞–≤–ª–∏–≤–∞–µ—Ç—Å—è –Ω–∞ –Ω—ë–º. –ò–º–µ–Ω–Ω–æ –ø–æ—ç—Ç–æ–º—É –µ–≥–æ —á–∞—Å—Ç–æ –∏—Å–ø–æ–ª—å–∑—É—é—Ç –¥–ª—è –ø—Ä–∏–≤–ª–µ—á–µ–Ω–∏—è –≤–Ω–∏–º–∞–Ω–∏—è. –ù–∞–ø—Ä–∏–º–µ—Ä~ –∫—Ä–∏—á–∞—â–∏–µ –∑–∞–≥–æ–ª–æ–≤–∫–∏~ –ø—Ä–µ–¥—É–ø—Ä–µ–∂–¥–∞—é—â–∏–µ –∑–Ω–∞–∫–∏ –∏–ª–∏ –¥–∞–∂–µ –æ–±—ã—á–Ω–∞—è –∫—Ä–∞—Å–Ω–∞—è –ø–æ–º–∞–¥–∞ ‚Äî –≤—Å—ë —ç—Ç–æ —Å–ª—É–∂–∏—Ç –æ–¥–Ω–æ–π —Ü–µ–ª–∏: –∑–∞—Å—Ç–∞–≤–∏—Ç—å —á–µ–ª–æ–≤–µ–∫–∞ –æ–±—Ä–∞—Ç–∏—Ç—å –≤–Ω–∏–º–∞–Ω–∏–µ –Ω–∞ —ç—Ç–æ—Ç –±—Ä–æ—Å–∫–∏–π —Ü–≤–µ—Ç.  –î–ª—è –º–µ–Ω—è –∫—Ä–∞—Å–Ω—ã–π —Ü–≤–µ—Ç –∞—Å—Å–æ—Ü–∏–∏—Ä—É–µ—Ç—Å—è —Å–æ —Å—Ç—Ä–∞—Å—Ç—å—é~ –∞–∫—Ç–∏–≤–Ω–æ—Å—Ç—å—é –∏~ –∏–Ω–æ–≥–¥–∞~ —Å –æ–ø–∞—Å–Ω–æ—Å—Ç—å—é.¬†,–ê—Å—Å–æ—Ü–∏–∞—Ü–∏—è –ø–æ—á–µ–º—É-—Ç–æ —Å –ø–æ–º–∏–¥–æ—Ä–∞–º–∏ —Å –æ–≥–æ—Ä–æ–¥–∞ ,1,–° –∑–∞—Å—Ç–∞–≤–∫–æ–π –∏–∑ —Ñ–∏–ª—å–º–∞ ¬´—Å–æ–±–∏—Ä–∞—Ç–µ–ª—å –¥—É—à¬ª ,5,–¶–≤–µ—Ç –∏–∑ –¥–µ—Ç—Å—Ç–≤–∞. –¶–≤–µ—Ç–Ω–∞—è –±—É–º–∞–≥–∞/–∫–∞—Ä—Ç–æ–Ω~ —Ñ–ª–æ–º–∞—Å—Ç–µ—Ä—ã/–∫–∞—Ä–∞–Ω–¥–∞—à–∏,0,–ö—Ä–∞—Å–Ω—ã–π –∏–∑ paint. –ù–µ–º–Ω–æ–≥–æ —Ä–∞–∑–¥—Ä–∞–∂–∞–µ—Ç ,5,–° –∫–∞–∫–∏–º–∏-—Ç–æ —Ç–∫–∞–Ω–µ–≤—ã–º–∏ –ø–ª–∞—Ç–∫–∞–º–∏ ,2,–° —Å–∞—Ä–∞—Ñ–∞–Ω–æ–º –∏–∑ –¥–µ—Ç—Å—Ç–≤–∞ ,2,–í–æ—Ç —ç—Ç–æ –∫—Ä–∞—Å–Ω—ã–π —Ü–≤–µ—Ç ,5,–û–π~ –∫—Ä–∞—Å–∏–≤—ã–π –æ—Ç—Ç–µ–Ω–æ–∫. –ê—Å—Å–æ—Ü–∏–∞—Ü–∏—è —Å —à–æ–∫–æ–ª–∞–¥–æ–º ,1,–° —Ç–µ–∞—Ç—Ä–∞–ª—å–Ω—ã–º –∑–∞–Ω–∞–≤–µ—Å–æ–º ,3,–ù–µ–æ–±—ã—á–Ω—ã–π –æ–ø—Ä–æ—Å 
29.10.2024 22:54:57,–ñ–µ–Ω—Å–∫–∏–π,52,–§–õ–ê–ì –°–°–°–†,–Ø—Ä–∫–∏–π~ –≤—ã–∑—ã–≤–∞—é—â–∏–π,3,–ê–ª—ã–π~ —Ñ–ª–∞–≥,5,–í–µ—Å–µ–ª—ã–π~ –¥–µ—Ç—Å–∫–∏–π,0,–û–≥–Ω–µ–Ω–Ω—ã–π,4,–ü–∏–æ–Ω–µ—Ä—Å–∫–∏–π –≥–∞–æ—Å—Ç—É–∫~ –¥–µ—Ç—Å—Ç–≤–æ,5,–ö–æ–∞—Å–Ω–æ–µ –ø–ª–∞—Ç—å–µ,5,–°—Ç–∞–Ω–¥–∞—Ä—Ç–Ω—ã–π –∫—Ä–∞—Å–Ω—ã–π ,5,–ö–∏—Ä–ø–∏—á–Ω—ã–π,0,–ö—Ä–æ–≤—å~ –∞–≥—Ä–µ—Å—Å–∏—è,4,
29.10.2024 22:56:35,–ú—É–∂—Å–∫–æ–π,45,–¢–µ–∞—Ç—Ä,–û—Ä–∞–Ω–∂,0,–ë–æ—Ä–¥–æ,0,–ú–∞–ª–∏–Ω–∞,1,–ì—Ä–µ–π–ø—Ñ—Ä—É—Ç,1,–ü–∏–æ–Ω–µ—Ä—Å–∫–∏–π –≥–∞–ª—Å—Ç—É–∫,2,–§–ª–∞–≥ —Å—Ç—Ä–∞–Ω—ã,3,–ö—Ä–∞—Å–Ω–∞—è —Ä–µ–∫–ª–∞–º–∞,4,–ö—Ä–µ–ø–∫–∏–π —á–∞–π,4,–¢–æ–∂–µ –∫—Ä–µ–ø–∫–∏–π —á–∞–π,4,–°–ø–∞—Å–∏–±–æ –∑–∞ –±—É–∫–µ—Ç! 
29.10.2024 23:01:39,–ñ–µ–Ω—Å–∫–∏–π,48,–Ø—Ä–∫–∏–π ,–ú—É—Ç–Ω—ã–π~ –ø—Ä–∏–≥–ª—É—à—ë–Ω–Ω—ã–π~ –ø–µ—á–∞–ª—å–Ω—ã–π ,1,–¢–µ–º–Ω—ã–π~ —Ç—è–∂—ë–ª—ã–π ,2,–†–æ–∑–æ–≤—ã–π ,0,–ö–∏—Å–ª–æ—Ç–Ω—ã–π,0,–û—Ä–∞–Ω–∂,1,–£–ª—å—Ç—Ä–∞,1,–Ø—Ä–∫–∏–π —Å–ª–∏—à–∫–æ–º ,2,–ì—Ä—è–∑–Ω—ã–π –≥–æ—Ä–æ–¥ ,1,–ë–æ—Ä–¥–æ,1,–ì–∞–¥–∂–µ—Ç –∏—Å–∫–∞–∂–∞–µ—Ç —Ü–≤–µ—Ç
29.10.2024 23:02:12,–ñ–µ–Ω—Å–∫–∏–π,43,–Ø—Ä–∫–∏–π~ –≤–æ–ª–Ω—É—é—â–∏–π~ –∑–∞–≤–ª–µ–∫–∞—é—â–∏–π~ –æ–ø–∞—Å–Ω—ã–π~ –º–∞–Ω–∫–∏–π.,–¶–≤–µ—Ç –ø–∏–æ–Ω–µ—Ä—Å–∫–æ–≥–æ –≥–∞–ª—Å—Ç—É–∫–∞~ —Ñ–ª–∞–≥–∞ —Å—Å—Å—Ä~ –Ω–∞–≤—è–∑—á–∏–≤—ã–π~ –∫—Ä–∞—Å–Ω–æ-–æ—Ä–∞–Ω–∂–µ–≤—ã–π,1,–®—É–±–∞/—à–∞–ø–∫–∞/–º–µ—à–æ–∫ –°–∞–Ω—Ç–∞ –ö–ª–∞—É—Å–∞~ –∫—Ä–µ–º–ª–µ–≤—Å–∫–∞—è –∑–≤–µ–∑–¥–∞.,2,–¶–≤–µ—Ç –ª–µ—Ç–Ω–µ–≥–æ –º–∞–Ω–∏–∫—é—Ä–∞/–ø–µ–¥–∏–∫—é—Ä–∞ –Ω–∞ –º–æ—Ä—è :) ,2,‚Äò–í—ã—Ä–≤–∏ –≥–ª–∞–∑‚Äô~ ‚Äò–±—Ä–æ—Å–∞–µ—Ç—Å—è –≤ –≥–ª–∞–∑–∞‚Äô~ —è—Ä–∫–æ/–±—Ä–æ—Å–∫–æ~ –≤—ã–∑—ã–≤–∞—é—â–µ.,3,–†—è–±–∏–Ω–∞~ —Ö—É—Ä–º–∞.,2,–¶–≤–µ—Ç —è–≥–æ–¥—ã~ –∫–ª—É–±–Ω–∏–∫–∞~ –ª–µ—Ç–æ.,4,–¶–≤–µ—Ç –∫–ª–µ–Ω–∞–æ–≤–æ–≥–æ –ª–∏—Å—Ç–∞ –Ω–∞ —Ñ–ª–∞–≥–µ –ö–∞–Ω–∞–¥—ã.,4,–õ–∏—Å–∞~ –¥–µ—Ç—Å–∫–∏–µ –∫–Ω–∏–≥–∏ —Å –∫–∞—Ä—Ç–∏–Ω–∫–∞–º–∏ —Å–æ–≤–µ—Ç—Å–∫–∏—Ö —Ö—É–¥–æ–∂–Ω–∏–∫–æ–≤.,3,–¶–≤–µ—Ç –∫—Ä–æ–≤–∏~ –æ—Å–µ–Ω—å –≤ –°–µ–≤–µ—Ä–Ω–æ–π –ê–º–µ—Ä–∏–∫–µ.,5,–ó–∞–±–∞–≤–Ω—ã–π —Ç–µ—Å—Ç:) –Ω–∞–ø–æ–º–Ω–∏–ª–æ –≤—ã–±–æ—Ä —Ü–≤–µ—Ç–∞ –ª–∞–∫–∞ –¥–ª—è –Ω–æ–≥—Ç–µ–π –≤ —Å–∞–ª–æ–Ω–µü§≠–Ω–æ –æ—Ç—Ç–µ–Ω–∫–∏ –≤ —Å–∞–º–æ–º –¥–µ–ª–µ –≤—Å–µ —Ä–∞–∑–Ω—ã–µ –∏ –∞—Å—Å–æ—Ü–∏–∞—Ü–∏–∏ —Å –Ω–∏–º–∏ —Ç–æ–∂–µ —Ä–∞–∑–Ω—ã–µ. –†–æ–∑–∞–º–∏ —Ä–∞–∑–≤–µ—Å–µ–ª–∏–ª–∏üòÅ–°–ø–∞—Å–∏–±–æ!
29.10.2024 23:12:23,–ñ–µ–Ω—Å–∫–∏–π,50,–§–ª–∞–º–µ–Ω–∫–æ. –ö—Ä–æ–≤—å. ,–≠—Ç–æ –∞–ª—ã–π~ –∫–∞–∂–µ—Ç—Å—è. –ú–Ω–µ —Ç–∞–∫–æ–π –∏–¥—ë—Ç. –õ—é–±–ª—é –∏ –Ω–æ—à—É –æ–¥–µ–∂–¥—É —Ç–∞–∫–æ–≥–æ —Ü–≤–µ—Ç–∞,2,–ë–ª–∏–∂–µ –∫ —Ç–µ—Ä—Ä–∞–∫–æ–∏–æ–≤–æ–º—É. –ü–æ–∫–∞ –ø–∏—Å–∞–ª–∞~ –≤–æ–∑–Ω–∏–∫–ª–æ –æ—â—É—â–µ–Ω–∏–µ —à–µ—Ä–æ—Ö–æ–≤–∞—Ç–æ—Å—Ç–∏. –ù–∞–≤–µ—Ä–Ω–æ–µ~ –Ω–µ –æ—Ç —Ü–≤–µ—Ç–∞~ –∞ —á–µ—Ä–µ–∑  —Å–ª–æ–≤–æ —Ç–µ—Ä—Ä–∞–∫–æ—Ç–∞~  –≥–ª–∏–Ω–∞,3,–ù–µ–æ–Ω. –ú–æ–¥–∞ –º–æ–µ–π —é–Ω–æ—Å—Ç–∏.  –ú–Ω–æ–≥–æ –∫–æ—Å–º–µ—Ç–∏–∫–∏~ –∂–≤–∞—á–∫–∞~ –Ω–∞—á–µ—Å—ã,1,–ß–∏—Å—Ç—ã–π —Ü–≤–µ—Ç. –ó–≤–æ–Ω–∫–∏–π~ —Å—Ä–µ–¥–Ω–∏–π —Ç–æ–Ω. –ú–µ—Ç–∞–ª–ª–∏—á–µ—Å–∫–∏–π –ø—Ä–∏–∑–≤—É–∫,2,–ù–µ –≤–∏–∂—É –æ—Ç–ª–∏—á–∏–π –æ—Ç –ø—Ä–µ–¥—ã–¥—É—â–µ–≥–æ. –û–±—Ä–∞–∑–µ—Ü —Ç–∫–∞–Ω–∏~ colour sample,2,–¶–≤–µ—Ç–æ–≤—ã–µ –≥–∞–ª–ª—é—Ü–∏–Ω–∞—Ü–∏–∏. –£—Å—Ç–∞–ª–æ—Å—Ç—å —Å–µ—Ç—á–∞—Ç–∫–∏. –°—Ç–æ –æ—Ç—Ç–µ–Ω–∫–æ–≤ –∫—Ä–∞—Å–Ω–æ–≥–æ,2,–ë–æ–¥—Ä–æ–µ –¥–µ—Ç—Å—Ç–≤–æ. –ò–≥—Ä—É—à–∫–∞. –ù–µ–≤–∞–ª—è—à–∫–∞,2,–ü–∏–æ–Ω–µ—Ä—Å–∫–∏–π –≥–∞–ª—Å—Ç—É–∫. –ö—É–º–∞—á. –° –∫—Ä–∞—Å–Ω—ã–º –∑–Ω–∞–º–µ–Ω–µ–º —Ü–≤–µ—Ç–∞ –æ–¥–Ω–æ–≥–æ–≥–æ,3,–ë–∞–∑–∞. –í—ã–∫—Ä–∞—Å. –°—Ç–µ–Ω–∞ –ø–æ–¥ –ø–æ–∫—Ä–∞—Å–∫—É,4,–û—á–µ–Ω—å —Ç—è–∂–µ–ª–æ. –ë–ª–∏–∑–∫–∏–µ –æ—Ç—Ç–µ–Ω–∫–∏. –ò –µ—â—ë –º–Ω–µ –∫–∞–∂–µ—Ç—Å—è~ —á—Ç–æ –∫—Ä–∞—Å–Ω—ã–π —Ä–∞–∑–Ω–æ–æ–±—Ä–∞–∑–Ω–µ–µ ;-)
29.10.2024 23:13:27,–ñ–µ–Ω—Å–∫–∏–π,50,–ö—Ä–æ–≤—å,–ê–ª—ã–π~ –∫–∏—Ç–∞–π,4,–ë–æ—Ä–¥–æ–≤—ã–π~ —Ä–æ–∑–∞,4,–ú–∞–ª–∏–Ω–æ–≤—ã–π~ –º–∞–ª–∏–Ω–∞,4,–¢–æ –∂–µ~ —á—Ç–æ –∏ –ø–µ—Ä–≤—ã–π~ –∞–ª—ã–π,4,–ê–Ω–∞–ª–æ–≥–∏—á–Ω–æ~ –∫–∞–∫ –ø—Ä–µ–¥—ã–¥—É—â–∏–π~ –∞–ª—ã–π,4,–ì–∞–ª—Å—Ç—É–∫ –ø–∏–æ–Ω–µ—Ä—Å–∫–∏–π,4,–ù–µ –≤–∏–∂—É —Ä–∞–∑–Ω–∏—Ü—ã —Å –ø—Ä–µ–¥—ã–¥—É—â–∏–º~ –≥–∞–ª—Å—Ç—É–∫ –ø–∏–æ–Ω–µ—Ä—Å–∫–∏–π~ —Ñ–ª–∞–≥,4,–ö—Ä–∞—Å–Ω–æ-–∫–æ—Ä–∏—á–Ω–µ–≤—ã–π,4,–ë–æ—Ä–¥–æ–≤—ã–π,4,–ù–µ —á—É–≤—Å—Ç–≤—É—é —Ä–∞–∑–Ω–∏—Ü—ã –≤ –Ω–µ–∫–æ—Ç–æ—Ä—ã—Ö –æ—Ç—Ç–µ–Ω–∫–∞—Ö~ –æ–¥–∏–Ω–∞–∫–æ–≤—ã–µ –∞—Å—Å–æ—Ü–∏–∞—Ü–∏–∏
29.10.2024 23:15:06,–ñ–µ–Ω—Å–∫–∏–π,49,–Ø—Ä–∫–∏–π~ –≤—ã–∑—ã–≤–∞—é—â–∏–π~ –∑–∞–ø–æ–º–∏–Ω–∞—é—â–∏–π—Å—è~ –∫—Ä–∏—á–∞—â–∏–π,–ü—Ä–∏–≥–ª—É—à–µ–Ω–Ω—ã–π –∫—Ä–∞—Å–Ω—ã–π~ –±–ª–∏–∂–µ –∫ –∫–æ—Ä–∞–ª–ª–æ–≤–æ–º—É ,2,–ö—Ä–∞—Å–Ω—ã–π~ —Å —Ç–µ–º–Ω–æ–≤–∞—Ç—ã–º –æ—Ç—Ç–µ–Ω–∫–æ–º ,3,–°–ª–µ–≥–∫–∞ –Ω–∞–ø–æ–º–∏–Ω–∞–µ—Ç —Ü–∏–∫–ª–æ–º–µ–Ω–æ–≤—ã–π –æ—Ç—Ç–µ–Ω–æ–∫,0,–∫–æ—Ä–∞–ª–ª–æ–≤—ã–π –æ—Ç—Ç–µ–Ω–æ–∫~ —è—Ä–∫–∏–π —Ü–≤–µ—Ç,4,–∫—Ä–∞—Å–Ω—ã–π~ –∞–ª—ã–π~ –Ω–∞ –ø–æ–ª—É—Ç–æ–Ω –∏–ª–∏ —á–µ—Ç–≤–µ—Ä—Ç—å —Ç–æ–Ω–∞ —Å–≤–µ—Ç–ª–µ–µ~ —á–µ–º –¥–ª—è –º–µ–Ω—è —è–≤–ª—è–µ—Ç—Å—è –ø—Ä–æ—Ç–æ—Ç–∏–ø –∫—Ä–∞—Å–Ω—ã–π ,4,–ö–æ—Ä–∞–ª–ª–æ–≤—ã–π –æ—Ç—Ç–µ–Ω–æ–∫,2,–Ø—Ä–∫–∏–π –∫—Ä–∞—Å–Ω—ã–π —Å –∫–æ—Ä–∞–ª–ª–æ–≤—ã–º –æ—Ç—Ç–µ–Ω–∫–æ–º ,4,–¢–µ—Ä—Ä–∞–∫–æ—Ç–æ–≤—ã–π –æ—Ç—Ç–µ–Ω–æ–∫,3,–ú–∞–ª–∏–Ω–æ–≤—ã–π –æ—Ç—Ç–µ–Ω–æ–∫ ,3,
29.10.2024 23:37:48,–ñ–µ–Ω—Å–∫–∏–π,54,–§–ª–∞–≥ –∑–∞–∫–∞—Ç —è–±–ª–æ–∫–æ ,–∞–ª–æ–µ –∑–Ω–∞–º—è,0,—Å–ø–µ–ª–∞—è –∫–ª—É–±–Ω–∏–∫–∞. –ó—Ä–µ–ª–∞—è –≤–∏—à–Ω—è,2,—è—Ä–∫–∏–π –º–∞–ª–∏–Ω–æ–≤—ã–π —Ü–≤–µ—Ç ,1,–î–∞–º—Å–∫–∏–π –∞–≤—Ç–æ–º–æ–±–∏–ª—å ,4,–∫—Ä–æ–≤—å –∞—Ä—Ç–µ—Ä–∏–∞–ª—å–Ω–∞—è,3,—è—Ä–∫–∏–π –∫–æ–Ω—Ç—Ä–∞—Å—Ç–Ω—ã–π,2,–ö—Ä–∞—Å–Ω—ã–π –∫—Ä–µ—Å—Ç,4,—Ç–µ–º–Ω–æ –∫—Ä–∞—Å–Ω—ã–π —Å–≤–∏—Ç–µ—Ä,1,—Ç–µ–º–Ω–æ –±–∞—Ä–¥–æ–≤—ã–π —Å–ø–æ–∫–æ–π–Ω—ã–π –æ—Ç—Ç–µ–Ω–æ–∫ ,0,–°–ø–∞—Å–∏–±–æ –∑–∞ —Ä–æ–∑—ã
29.10.2024 23:51:51,–ñ–µ–Ω—Å–∫–∏–π,18,–∫—Ä–∞—Å–∏–≤—ã–π~ –æ—á–µ–Ω—å —Ä—É—Å—Å–∫–∏–π~ —Ü–≤–µ—Ç –∫—Ä–æ–≤–∏,–º–æ—Ä–∫–æ–≤—å~ –ª–æ—Å–æ—Å—å~ —Ä—ã–±–∞ –∫—Ä–∞—Å–Ω–∞—è,0,—Å–µ–∫—Å~ —Å–µ–∫—Å—É–∞–ª—å–Ω–æ—Å—Ç—å~ –Ω–∏–∂–Ω–µ–µ –±–µ–ª—å–µ~ –ø–æ–º–∞–¥–∞,5,–±–∞—Ä–±–∏~ 15 –≤–µ—Ç–∫–∞ –º–µ—Ç—Ä–æ~ –∂–µ–Ω—Ç–≤–µ–Ω–Ω–æ—Å—Ç—å,1,–ö–∏—Ç–∞–π~ –∫–æ–º–º—É–Ω–∏–∑–º,3,–û—Å–µ–Ω—å~ —Å–≤–∏—Ç–µ—Ä~ –∫–ª–µ–Ω,1,–ø–æ–º–∞–¥–∞~ –ü–∞—Ä–∏–∂,4,—è—Ä–∫–∏–π,5,–ø–æ–º–∞–¥–∞~ –∫—Ä–æ–≤—å~ –æ—Å–µ–Ω—å~ –∫–∏—Ä–ø–∏—á,2,–ø–æ–º–∞–¥–∞~ –º–æ–¥–∞~  –∂–µ–Ω—Å—Ç–≤–µ–Ω–Ω–æ—Å—Ç—å,5,
29.10.2024 23:52:48,–ñ–µ–Ω—Å–∫–∏–π,47,–ö—Ä–æ–≤—å~ —Ä–µ–≤–æ–ª—é—Ü–∏—è~ –∫–æ—Å—ã–Ω–∫–∞~ —è–±–ª–æ–∫–æ,–§–ª–∞–≥ —Å—Å—Å—Ä~ –∞–ª–∞—è –∫—Ä–æ–≤—å,2,–ê—Ä–±—É–∑~ –∫—Ä–∞—Å–Ω—ã–π –¥–∏–ø–ª–æ–º,3,–ö–æ—Å—ã–Ω–∫–∞~ –∑–∞—Ä—è~ –≤–æ—Å—Ö–æ–¥,1,–¢–æ–º–∞—Ç–Ω—ã–π —Å–æ–∫~ –∑–≤–µ–∑–¥–∞,4,–§–ª–∞–≥ –ö–∏—Ç–∞—è~ –ø–æ–º–∞–¥–∞,4,–ö–æ—Å—ã–Ω—É–∞~ –º–∞–ª–∏–Ω–∞,3,–ö—Ä–∞—Å–Ω–∞—è –∫–∞—Ä—Ç–æ—á–∫–∞~ —Å–∞—Ä–∞—Ñ–∞–Ω,4,–ù–∞—Å—ã—â–µ–Ω–Ω—ã–π~ —Ç–æ–º–∞—Ç–Ω—ã–π —Å–æ–∫,4,–ü–æ–ª–æ—Ç–Ω–æ~ –∫—É–º–∞—á,5,
29.10.2024 23:54:18,–ñ–µ–Ω—Å–∫–∏–π,46,–¶–≤–µ—Ç –ø–æ–±–µ–¥—ã,–ì—Ä–µ–ø—Ñ—Ä—É—Ç,1,–ö—Ä–æ–≤—å,5,–ú–∞—Ä–∫–µ—Ä –¥–ª—è –¥–æ—Å–∫–∏,2,–≠–ª–µ–∫—Ç—Ä–∏—á–µ—Å–∫–∏–π~ –∏—Å–∫—É—Å—Å—Ç–≤–µ–Ω–Ω—ã–π,1,–ê–ø–µ–ª—å—Å–∏–Ω~ –æ–±–ª–æ–∂–∫–∞ –∫–Ω–∏–≥–∏,1,–ó–∞–∫–∞—Ç,3,–ê—Å—Å–æ—Ü–∏–∞—Ü–∏–π –Ω–µ—Ç,1,–í–∏—à–Ω—è~ –æ—Å–µ–Ω—å,4,–§–ª–∞–≥~ –ø–∏–æ–Ω–µ—Ä—Å–∫–∏–π –≥–∞–ª—Å—Ç—É–∫,5,–ß—Ç–æ –ø–æ–∫–∞–∑—ã–≤–∞–µ—Ç —ç—Ç–æ—Ç –æ–ø—Ä–æ—Å?
30.10.2024 0:06:28,–ú—É–∂—Å–∫–æ–π,18,–ö—Ä–æ–≤—å~ –≤–∏–Ω–æ.,–ö—Ä–∞—Å–Ω—ã–π~ –Ω–µ –¥–æ—Ä–æ—Å—à–∏–π –¥–æ —Ä—ã–∂–µ–≥–æ. –ü–æ–º–∏–¥–æ—Ä–Ω—ã–π.,3,–¶–≤–µ—Ç –∫–æ–≤—Ä–æ–≤–æ–π –¥–æ—Ä–æ–∂–∫–∏. –†–µ—Å–ø–µ–∫—Ç–∞–±–µ–ª—å–Ω–æ—Å—Ç—å~ —Ç–æ–º–Ω–æ—Å—Ç—å.,4,–†–æ–∑–æ–≤–∞—Ç—ã–π. –ê—Å—Å–æ—Ü–∏–∞—Ü–∏–∏ —Å –¥–µ–≤—á–∞—á—å–µ–π –∫–æ–º–Ω–∞—Ç–æ–π~ –ø–æ–ª–Ω–æ–π –ø–ª–∞–∫–∞—Ç–æ–≤ –∞–º–µ—Ä–∏–∫–∞–Ω—Å–∫–∏—Ö –≥—ë—Ä–ª-–±—ç–Ω–¥–æ–≤.,1,–ì–∏–ø–Ω–æ—Ç–∏—á–µ—Å–∫–∏–π. –ö—Ä–æ–≤—å~ –∫–∞–∫ —è –µ—ë –ø—Ä–µ–¥—Å—Ç–∞–≤–ª—è—é –≤ –≥–æ–ª–æ–≤–µ (–∏–º–µ–Ω–Ω–æ –≤ –≥–æ–ª–æ–≤–µ~ –Ω–µ –µ—ë —Ä–µ–∞–ª—å–Ω—ã–π —Ü–≤–µ—Ç),5,–í—Ä–æ–¥–µ —Ç–æ—Ç –∂–µ~ —á—Ç–æ –∏ –ø—Ä–µ–¥—ã–¥—É—â–∏–π (–≥–∏–ø–Ω–æ—Ç–∏—á–µ—Å–∫–∏–π).,5,–¢–æ—Ç –∂–µ –≥–∏–ø–Ω–æ—Ç–∏—á–µ—Å–∫–∏–π~ –Ω–æ —Å –Ω–∞–º—ë–∫–æ–º –Ω–∞ —Ä–æ–∑–æ–≤—ã–π. –ê—Å—Å–æ—Ü–∏–∞—Ü–∏–π –Ω–µ –Ω–∞—Ö–æ–∂—É,4,–°–Ω–æ–≤–∞ –≥–∏–ø–Ω–æ—Ç–∏—á–µ—Å–∫–∏–π.,5,–°–Ω–æ–≤–∞ –∫–æ–≤—Ä–æ–≤–∞—è –¥–æ—Ä–æ–∂–∫–∞.,4,–ö–æ–≤—Ä–æ–≤–∞—è –¥–æ—Ä–æ–∂–∫–∞~ –Ω–æ —á—É—Ç—å —Å–≤–µ—Ç–ª–µ–µ.,4,–ß—É—Ç—å –æ–¥–Ω–æ–æ–±—Ä–∞–∑–Ω–æ~ –Ω–æ –∑–∞–Ω–∏–º–∞—Ç–µ–ª—å–Ω–æ.
30.10.2024 0:07:38,–ñ–µ–Ω—Å–∫–∏–π,48,–æ–ø–∞—Å–Ω–æ—Å—Ç—å,–∑–∞–∫–∞—Ç,2,–∫—Ä–æ–≤—å,4,—Ä–∞—Å—Å–≤–µ—Ç,0,–ø–ª–∞–º—è,3,—Å–æ–ª–Ω—Ü–µ,2,–∫—Ä–∞—Å–Ω—ã–π –∫—Ä–µ—Å—Ç,3,–ø–∏–æ–Ω–µ—Ä–∏—è,3,—Ä–∞–Ω–∞,3,–º–∞–ª–∏–Ω–Ω–∏–∫,1,
30.10.2024 0:12:02,–ñ–µ–Ω—Å–∫–∏–π,44,630-700 –Ω–º~ —Ü–≤–µ—Ç –∏—Å–ø–æ–ª—å–∑—É—é—Ç –¥–ª—è –ø—Ä–∏–≤–ª–µ—á–µ–Ω–∏—è –≤–Ω–∏–º–∞–Ω–∏—è —É –æ–ø–∞—Å–Ω—ã–º —Å–∏—Ç—É–∞—Ü–∏—è–º,–Ø—Ä–∫–∏–π~ —Ç–µ–ø–ª—ã–π,4,–ö—Ä–æ–≤—å? –¶–≤–µ—Ç –≤–Ω–∏–º–∞–Ω–∏—è ,4,–•–æ–ª–æ–¥–Ω—ã–π –æ—Ç—Ç–µ–Ω–æ–∫~ —Ñ–ª–∞–≥,3,–ü–∏–æ–Ω–µ—Ä—ã ,5,–ü–µ—Ä–≤–æ–º–∞–π,5,–•–æ–ª–æ–¥–Ω—ã–π~ –æ—Ç—Ç–∞–ª–∫–∏–≤–∞—é—â–∏–π ,2,–ù–µ –ø—Ä–∏—Ä–æ–¥–Ω—ã–π~ —Å–∏–Ω—Ç–µ—Ç–∏—á–µ—Å–∫–∏–π,3,–°—Ç—Ä–æ–π–∫–∞~ –∫—Ä–µ–º–ª—å,4,–ü–æ–º–∞–¥–∞~ –≤—ã–∑—ã–≤–∞—é—â–∏–π,4,–ò–Ω—Ç–µ—Ä–µ—Å–µ–Ω —Ä–µ–∑—É–ª—å—Ç–∞—Ç 
30.10.2024 0:21:22,–ñ–µ–Ω—Å–∫–∏–π,48,–ñ–µ–Ω—â–∏–Ω–∞ –≤ –∫—Ä–∞—Å–Ω–æ–º -—ç—Ç–æ –∫—Ä—É—Ç–æ. –û–ø–∞—Å–Ω–æ—Å—Ç—å –µ—â—ë. –ë–æ–π –±—ã–∫–æ–≤,—è—Ä–∫–æ–≤–∞—Ç—ã–π~ —Ä—ã–∂–µ–≤–∞—Ç—ã–π~ –Ω–µ–ø—Ä–∏—è—Ç–Ω—ã–π,1,—Ö–æ—Ä–æ—à–∏–π~ –¥–æ–≤–æ–ª—å–Ω–æ —Å–ø–æ–∫–æ–π–Ω—ã–π,3,—ç—Ç–æ —Ä–æ–∑–æ–≤—ã–π,0,–ü—Ä–æ—Å—Ç–æ –∫—Ä–∞—Å–Ω—ã–π~ –Ω–æ –Ω–µ –ª—é–±–ª—é —Å–∏–ª—å–Ω–æ —è—Ä–∫–∏–µ,4,–Ω–æ—Ä–º. —Ä—ã–∂–µ–≤–∞—Ç,3,–ø—Ä–∏—è—Ç–Ω—ã–π~ –Ω–æ —Å —Ä–æ–∑–æ–≤–∏–Ω–∫–æ–π,4,–∫—Ä–∞—Å–Ω—ã–π~ –¥–∞~ –Ω–æ –≥–ª–∞–∑ —É–∂–µ –∑–∞–º—ã–ª–∏–ª—Å—è~ —Å–ª–∏—à–∫–æ–º –º–Ω–æ–≥–æ –∫—Ä–∞—Å–Ω–æ–≥–æ - –ø–ª–æ—Ö–æ~ —Ä–∞–∑–¥—Ä–∞–∂–∞–µ—Ç,3,–ü—Ä–∏—è—Ç–Ω—ã–π~ —Å–ø–æ–∫–æ–π–Ω—ã–π~ –Ω–æ —Å–∫–æ—Ä–µ–µ –∫–æ—Ä–∏—á–Ω–µ–≤—ã–π,0,–º—É–∂—Å–∫–æ–π,3,–ö–æ—à–º–∞—Ä~ —ç—Ç–æ—Ç –∫—Ä–∞—Å–Ω—ã–π –≤ —Ç–∞–∫–∏—Ö –∫–æ–ª–∏—á–µ—Å—Ç–≤–∞—Ö! –ü–æ—á–µ–º—É –≤—ã –Ω–µ —Å–∏–Ω–µ-—Ñ–∏–æ–ª–µ—Ç–æ–≤–æ-–≥–æ–ª—É–±–æ–π –∏–∑—É—á–∞–µ—Ç–µ. –ó–∞ —Ä–æ–∑—ã —Å–ø–∞—Å–∏–±–æ! –í —Ä–æ–∑–∞—Ö —Ü–≤–µ—Ç —Ö–æ—Ä–æ—à
30.10.2024 0:39:56,–ñ–µ–Ω—Å–∫–∏–π,31,–°–°–°–†~ –∫–æ–º–º—É–Ω–∏–∑–º~ –∂–µ–Ω—â–∏–Ω–∞-–≤–∞–º–ø~ –∞–≥—Ä–µ—Å—Å–∏—è~ —Ä–µ–≤–æ–ª—é—Ü–∏—è~ —Ü–≤–µ—Ç—ã~ —Å—Ç—Ä–∞—Å—Ç—å,–†–æ–∑—ã~ —á—Ç–æ-—Ç–æ —á—É–≤—Å—Ç–≤–µ–Ω–Ω–æ–µ –∏ –∑–∞–ø—Ä–µ—Ç–Ω–æ–µ~ —ç—Ä–æ—Ç–∏–∫–∞~ –∂–µ–Ω—Å—Ç–≤–µ–Ω–Ω–æ—Å—Ç—å –∏ –Ω–µ–∂–Ω–æ—Å—Ç—å,2,–í–∏–Ω–æ~ –∫–∞–∫–æ–π-—Ç–æ —Ñ–∏–ª—å–º –ø—Ä–æ –≤–∏–Ω–æ–¥–µ–ª—å–Ω—é~ —Å—Ç–∞—Ä–æ—Å—Ç—å~ –≥–æ—Ä–µ—á—å —Å–æ–∂–∞–ª–µ–Ω–∏–π~ —Å–¥–µ—Ä–∂–∞–Ω–Ω–æ—Å—Ç—å,0,–î–µ–≤—á–∞—á–∏–π~ –±–ª–µ—Å–∫ –¥–ª—è –≥—É–±~ –≥–ª—É–ø–æ—Å—Ç—å~ –∫–æ—Å–º–µ—Ç–∏–∫–∞~ —Ä–µ–∫–ª–∞–º–∞~ –ª–µ–≥–∫–æ–º—ã—Å–ª–∏–µ~ –º–µ—á—Ç–∞—Ç–µ–ª—å–Ω–æ—Å—Ç—å~ –ø–æ–¥—Ä–æ—Å—Ç–∫–∏,1,–û—Ç—Ç–∞–ª–∫–∏–≤–∞—é—â–∏–π~ —á—Ç–æ-—Ç–æ –Ω–∞–≤—è–∑—ã–≤–∞—é—Ç~ —Ä–µ–∑–∫–∏–π~ –∫–æ–º–º—É–Ω–∏–∑–º,4,–ö—Ä–æ–≤—å~ —Ä–∞–∑–±–∞–≤–ª–µ–Ω–Ω–∞—è~ —Å–∏–≥–Ω–∞–ª —Å–≤–µ—Ç–æ—Ñ–æ—Ä–∞~ –∑–∞–ø—Ä–µ—Ç–∏—Ç–µ–ª—å–Ω—ã–π –∑–Ω–∞–∫~ –¥–æ—Ä–æ–∂–Ω–æ–µ –¥–≤–∏–∂–µ–Ω–∏–µ~ –±–µ–∑–æ–ø–∞—Å–Ω–æ—Å—Ç—å,3,–ê–ª—ã–µ –ø–∞—Ä—É—Å–∞~ –¥–µ—Ç—Å—Ç–≤–æ~ —Å–æ–≤–µ—Ç—Å–∫–∏–µ —Ñ–∏–ª—å–º—ã,4,–û—Ä–∞–Ω–∂–µ–≤—ã–π~ –∫—Ä–∞—Å–∫–∏~ —É—Å—Ç–∞–ª–æ—Å—Ç—å~ –Ω–∞–∫–ª–µ–π–∫–∏~ –Ω–∞–≤—è–∑—ã–≤–∞–Ω–∏–µ~ —É—á–µ–±–Ω–∏–∫–∏,2,–ö–Ω–∏–≥–∞~ –ø–µ—Ä–µ–ø–ª—ë—Ç~ –∫–æ—Ä–∏—á–Ω–µ–≤—ã–π~ –∫–∞–ø–ª—è –∑–∞–ø—ë–∫—à–µ–π—Å—è –∫—Ä–æ–≤–∏,0,–°–ø–æ–∫–æ–π–Ω—ã–π~ —Ñ–ª–∞–≥~ –≤–µ—á–µ—Ä~ —É–≤–µ—Ä–µ–Ω–Ω–æ—Å—Ç—å,1,–ë–µ—Å–∏–ª–æ~ —á—Ç–æ –æ—Ç—Ç–µ–Ω–∫–∏ –Ω–µ–∫–æ—Ç–æ—Ä—ã–µ –∫–∞–∑–∞–ª–∏—Å—å –æ–¥–∏–Ω–∞–∫–æ–≤—ã–º–∏. –•–æ—Ç—è –∞—Å—Å–æ—Ü–∏–∞—Ü–∏–∏ –≤—Å—ë-—Ç–∞–∫–∏ —Ä–∞–∑–Ω—ã–µ
30.10.2024 0:47:30,–ú—É–∂—Å–∫–æ–π,53,–∫—Ä–æ–≤—å~ —Ñ–ª–∞–≥~ —Ç—Ä–µ–≤–æ–≥–∞~ –Ω–µ –±–µ–ª—ã–π,–ª–∞–∫~ –ø–æ–¥–∏—É–º~ –º–æ–¥–∞,3,—á—Ç–æ-—Ç–æ —Ç—è–≥–æ—Å—Ç–Ω–æ–µ~ –Ω–æ –µ—â–µ –Ω–µ –ø–æ–ª–Ω—ã–π —É–∂–∞—Å,4,—á—Ç–æ-—Ç–æ –¥–µ—à–µ–≤–æ–µ –∏ –ø—Ä–æ—Ç–∏–≤–Ω–æ–µ. –ª–∏–º–æ–Ω–∞–¥. –∏–ª–∏ –∂–µ–Ω—â–∏–Ω–∞,3,—Å—Å—Å—Ä,5,–∞ –º–æ–∂–µ—Ç —ç—Ç–æ –¥–∞–∂–µ –±–æ–ª—å—à–∏–π —Å—Å—Å—Ä ) –ü—Ä—è–º —Ñ–ª–∞–≥~ –∫–∞–∫ –æ–Ω –µ—Å—Ç—å,5,–ø—Ä–∞–∑–¥–Ω–∏–∫,5,–ø–æ–º–∏–¥–æ—Ä,4,–±–æ—Ä–¥–æ,4,—Ñ–ª–∞–≥ –ø–æ–±–µ–¥—ã,4,
30.10.2024 0:58:20,–ú—É–∂—Å–∫–æ–π,17,FF0000~ —Å–≤–µ—Ç–æ–≤–∞—è –≤–æ–ª–Ω–∞ —Å –Ω–∞–∏–±–æ–ª—å—à–µ–π –µ–µ –¥–ª–∏–Ω–æ–π~ –æ–¥–∏–Ω –∏–∑ —Ü–≤–µ—Ç–æ–≤ —Å—Ç–∞–Ω–¥–∞—Ä—Ç–Ω–æ–≥–æ RGB~ —Ç–µ–ø–ª—ã–π –∏ —è—Ä–∫–∏–π —Ü–≤–µ—Ç,–ö—Ä–∞—Å–Ω—ã–π —Å –¥–æ–±–∞–≤–ª–µ–Ω–∏–µ –∫–∞–∫–æ–≥–æ-—Ç–æ –ø—Ä–æ—Ü–µ–Ω—Ç–∞ –∂–µ–ª—Ç–æ–≥–æ. –ù–µ –∑–Ω–∞—é –∫–∞–∫–∞—è —Ç—É—Ç –º–æ–∂–µ—Ç –±—ã—Ç—å –∞—Å—Å–æ—Ü–∏–∞—Ü–∏—è,2,–ö—Ä–∞—Å–Ω—ã–π —Å –¥–æ–±–∞–≤–ª–µ–Ω–∏–µ —Å–∏–Ω–µ–≥–æ~ –±–ª–∏–∂–µ –∫ –±–æ—Ä–¥–æ–≤–æ–º—É. –ì—É–±–Ω–∞—è –ø–æ–º–∞–¥–∞?..,3,–ö—Ä–∞—Å–Ω—ã–π –±–ª–∏–∂–µ –∫ —Ä–æ–∑–æ–≤–æ–º—É,2,–ë–æ–ª—å—à–µ –≤—Å–µ–≥–æ –ø–æ—Ö–æ–∂ –Ω–∞ —ç—Ç–∞–ª–æ–Ω–Ω—ã–π –∫–∞—Å–Ω—ã–π,4,–≠—Ç–æ—Ç —Å–∫–æ—Ä–µ–µ –±–ª–∏–∂–µ –∫ –∂–µ–ª—Ç–æ–º—É~ –Ω–æ –Ω–µ —Ç–∞–∫–æ–π~ –∫–∞–∫ –ø–µ—Ä–≤—ã–π,3,–ê–Ω–∞–ª–æ–≥–∏—á–Ω–æ —Å —Ç–µ–º~ —á—Ç–æ –±—ã–ª –±–ª–∏–∂–µ –∫ —Ä–æ–∑–æ–≤–æ–º—É~ –Ω–æ –º–µ–Ω–µ–µ —Ä–æ–∑–æ–≤—ã–π))0),3,–í–æ—Ç —ç—Ç–æ —É–∂–µ –∫—Ä–∞—Å–Ω—ã–π,5,–≠—Ç–æ —É–∂–µ –±–ª–∏–∂–µ –∫ –∫–æ—Ä–∏—á–Ω–µ–≤–æ–º—É,2,–£—Å–ª–æ–≤–Ω–æ –≤–∏—à–Ω–µ–≤—ã–π?..,2,
30.10.2024 1:47:42,–ú—É–∂—Å–∫–æ–π,20,–ê–∞—ç—ç—ç —Ü–≤–µ—Ç —Ç–∞–∫–æ–π~ –∞—Å—Å–æ—Ü–∏–∞—Ü–∏–∏ –∫—Ä–∞—Å–Ω–∞—è –ø–æ–º–∞–¥–∞~ —Ä–æ–∑–∞,–ì—Ä–µ–π–ø—Ñ—Ä—É—Ç~ –ò—Ç–∞–ª–∏—è,2,–ë–∞—Ä—Ö–∞—Ç~ –∫—Ä–æ–≤—å,3,–•–∏–º–æ–∑–Ω–∞—è –∫–ª—É–±–Ω–∏–∫–∞~ –¥–µ—à—ë–≤–∞—è –ø–æ–º–∞–¥–∞ ü§Æü§Æü§Æ,2,–ß–µ—Ç –Ω–∏—á–µ –Ω–µ –≤—ã–∑—ã–≤–∞–µ—Ç ,5,–õ–∞–≤–∞~ —à–æ–∫–æ–ª–∞–¥ —Ä—ç–¥,4,–†–æ–∑–∞ –≤–æ –ª—å–¥—É,3,–ú–Ω–µ –∫–∞–∂–µ—Ç—Å—è —ç—Ç–æ—Ç —É–∂–µ –±—ã–ª...–º–æ–∂–µ—Ç —è –¥–∞–ª—å—Ç–æ–Ω–∏–∫ —É,5,–ó–∞–ø–µ–∫—à–∞—è—Å—è –∫—Ä–æ–≤—å,2,–ö—Ä–∞—Å–Ω–æ–µ –≤–∏–Ω–æ,3,üëπüë∫‚ù£Ô∏èüíî‚ù§Ô∏è‚Äçüî•‚ù§Ô∏è‚Äçü©π‚ù§Ô∏èüíãüíØüí¢ü´ÄüêûüåπüçÖüçìüçíüçéü•©ü¶ûüç∑ü•¢üß±‚õ©Ô∏è‚ô®Ô∏èüö®‚õΩüõüüõëüéàüßßüß®ü•äü™ÄüéØ‚ô•Ô∏è‚ô¶Ô∏èüß£üëôü™≠üéíüë†‚õëÔ∏èüíÑüì£‚òéÔ∏èüèÆüìïüîñüìÆüñçÔ∏èüìåüìçüß≤üß∞ü©∏üßØ‚õî‚ôàüìõ‚≠ï‚ùó‚ùåüÖ∞Ô∏èüÜéüÖ±Ô∏èüÜëüÖæÔ∏èüÜòüâêüàπüà≤üà¥„äóÔ∏è„äôÔ∏èüàµüî¥üü•üî∫üîª
30.10.2024 7:43:43,–ñ–µ–Ω—Å–∫–∏–π,43,–ö—Ä–∞—Å–Ω—ã–π-—Ü–≤–µ—Ç –∂–∏–∑–Ω–µ–Ω–Ω–æ–π —ç–Ω–µ—Ä–≥–∏–∏. –Ø–±–ª–æ–∫–æ,–î–æ–Ω–æ—Ä—Å–∫–∞—è –∫—Ä–æ–≤—å~ –∂–∏–∑–Ω—å~ —Ä–∞–¥–æ—Å—Ç—å,4,–í–∏—à–Ω—è –∏–ª–∏ —á–µ—Ä–µ—à–Ω—è~ –∫—Ä–∞—Å–Ω–æ–µ –ø–ª–∞—Ç—å–µ,3,–î–µ—Ç—Å–∫–∏–µ –Ω–∞—Ä—è–¥—ã~ –∫–∞—Ä–∞–º–µ–ª—å~ —Å–∏–≥–Ω–∞–ª—å–Ω—ã–π —Ñ–ª–∞–∂–æ–∫,3,–§–ª–∞–≥~ –∫–∞—Ä—Ç–∞ –∞–ª—å—Ñ–∞-–±–∞–Ω–∫–∞,5,–ü–∏–æ–Ω–µ—Ä—Å–∫–∏–π –≥–∞–ª—Å—Ç—É–∫~ —Å–≤–µ—Ç–æ—Ñ–æ—Ä,5,–ö–∞—Ä–Ω–∞–≤–∞–ª~ –∫—É–∫–æ–ª—å–Ω–∞—è –∫–æ–ª—è—Å–∫–∞,4,–ü–ª–∞–∫–∞—Ç~ –∞–ø–ø–µ—Ç–∏—Ç~–∫—Ä–∞—Å–Ω–∞—è —Ä—É—á–∫–∞~ –ø—è—Ç–µ—Ä–∫–∞~ –¥–≤–æ–π–∫–∞,5,–õ–∞–∫ –¥–ª—è –Ω–æ–≥—Ç–µ–π~ –ø–ª–∞—Ç—å–µ~ –∫–µ—Ç—á—É–ø,3,–¢–æ–º–∞—Ç–Ω–∞—è –ø–∞—Å—Ç–∞~ —Å–ª–∞–¥–∫–∏–π –ø–µ—Ä–µ—Ü~ –∫–∏–Ω–æ—Ç–µ–∞—Ç—Ä,3,–ü—Ä–∏–∫–æ–ª—å–Ω—ã–π —Ç–µ—Å—Ç